rosbagTimestamp,header,seq,stamp,secs,nsecs,frame_id,status,-,level,name,message,"\ node.""",hardware_id,values,-,key,value,"\ that your variances for each measured variable are set appropriately.""",-,key,value,"\ that your variances for each measured variable are set appropriately.""",-,level,name,message,hardware_id,values,-,key,value,-,key,value,-,key,value,-,key,value,-,key,value,-,key,value
1524751822644945432,,5,,1524751822,644835889,'',,1,"""ekf_se_map","""Potentially erroneous data or settings detected for a robot_localization state estimation\","""none""",,"""X_configuration""","""2 absolute pose inputs detected for X. This may result in oscillations. Please ensure\","""Y_configuration""","""2 absolute pose inputs detected for Y. This may result in oscillations. Please ensure\",0,"""ekf_se_map",'',"""none""",,"""Events in window""","""33""","""Events since startup""","""33""","""Duration of window (s)""","""4.025772""","""Actual frequency (Hz)""","""8.197187""","""Minimum acceptable frequency (Hz)""","""7.200000""","""Maximum acceptable frequency (Hz)""","""13.200000"""
1524751823646594763,,6,,1524751823,646491889,'',,1,"""ekf_se_map","""Potentially erroneous data or settings detected for a robot_localization state estimation\","""none""",,"""X_configuration""","""2 absolute pose inputs detected for X. This may result in oscillations. Please ensure\","""Y_configuration""","""2 absolute pose inputs detected for Y. This may result in oscillations. Please ensure\",0,"""ekf_se_map",'',"""none""",,"""Events in window""","""43""","""Events since startup""","""43""","""Duration of window (s)""","""5.027437""","""Actual frequency (Hz)""","""8.553065""","""Minimum acceptable frequency (Hz)""","""7.200000""","""Maximum acceptable frequency (Hz)""","""13.200000"""
1524751824646890354,,7,,1524751824,646788131,'',,1,"""ekf_se_map","""Potentially erroneous data or settings detected for a robot_localization state estimation\","""none""",,"""X_configuration""","""2 absolute pose inputs detected for X. This may result in oscillations. Please ensure\","""Y_configuration""","""2 absolute pose inputs detected for Y. This may result in oscillations. Please ensure\",0,"""ekf_se_map",'',"""none""",,"""Events in window""","""53""","""Events since startup""","""53""","""Duration of window (s)""","""6.027724""","""Actual frequency (Hz)""","""8.792705""","""Minimum acceptable frequency (Hz)""","""7.200000""","""Maximum acceptable frequency (Hz)""","""13.200000"""
1524751825749976334,,8,,1524751825,749879871,'',,1,"""ekf_se_map","""Potentially erroneous data or settings detected for a robot_localization state estimation\","""none""",,"""X_configuration""","""2 absolute pose inputs detected for X. This may result in oscillations. Please ensure\","""Y_configuration""","""2 absolute pose inputs detected for Y. This may result in oscillations. Please ensure\",0,"""ekf_se_map",'',"""none""",,"""Events in window""","""64""","""Events since startup""","""64""","""Duration of window (s)""","""7.130825""","""Actual frequency (Hz)""","""8.975118""","""Minimum acceptable frequency (Hz)""","""7.200000""","""Maximum acceptable frequency (Hz)""","""13.200000"""
1524751826750334912,,9,,1524751826,750231498,'',,1,"""ekf_se_map","""Potentially erroneous data or settings detected for a robot_localization state estimation\","""none""",,"""X_configuration""","""2 absolute pose inputs detected for X. This may result in oscillations. Please ensure\","""Y_configuration""","""2 absolute pose inputs detected for Y. This may result in oscillations. Please ensure\",0,"""ekf_se_map",'',"""none""",,"""Events in window""","""74""","""Events since startup""","""74""","""Duration of window (s)""","""8.131168""","""Actual frequency (Hz)""","""9.100784""","""Minimum acceptable frequency (Hz)""","""7.200000""","""Maximum acceptable frequency (Hz)""","""13.200000"""
1524751827751116047,,10,,1524751827,751020582,'',,1,"""ekf_se_map","""Potentially erroneous data or settings detected for a robot_localization state estimation\","""none""",,"""X_configuration""","""2 absolute pose inputs detected for X. This may result in oscillations. Please ensure\","""Y_configuration""","""2 absolute pose inputs detected for Y. This may result in oscillations. Please ensure\",0,"""ekf_se_map",'',"""none""",,"""Events in window""","""84""","""Events since startup""","""84""","""Duration of window (s)""","""9.131966""","""Actual frequency (Hz)""","""9.198458""","""Minimum acceptable frequency (Hz)""","""7.200000""","""Maximum acceptable frequency (Hz)""","""13.200000"""
1524751828751356563,,11,,1524751828,751253950,'',,1,"""ekf_se_map","""Potentially erroneous data or settings detected for a robot_localization state estimation\","""none""",,"""X_configuration""","""2 absolute pose inputs detected for X. This may result in oscillations. Please ensure\","""Y_configuration""","""2 absolute pose inputs detected for Y. This may result in oscillations. Please ensure\",0,"""ekf_se_map",'',"""none""",,"""Events in window""","""94""","""Events since startup""","""94""","""Duration of window (s)""","""10.132199""","""Actual frequency (Hz)""","""9.277354""","""Minimum acceptable frequency (Hz)""","""7.200000""","""Maximum acceptable frequency (Hz)""","""13.200000"""
1524751829856927447,,12,,1524751829,856791633,'',,1,"""ekf_se_map","""Potentially erroneous data or settings detected for a robot_localization state estimation\","""none""",,"""X_configuration""","""2 absolute pose inputs detected for X. This may result in oscillations. Please ensure\","""Y_configuration""","""2 absolute pose inputs detected for Y. This may result in oscillations. Please ensure\",0,"""ekf_se_map",'',"""none""",,"""Events in window""","""102""","""Events since startup""","""105""","""Duration of window (s)""","""10.215137""","""Actual frequency (Hz)""","""9.985182""","""Minimum acceptable frequency (Hz)""","""7.200000""","""Maximum acceptable frequency (Hz)""","""13.200000"""
1524751830854591624,,13,,1524751830,854484512,'',,1,"""ekf_se_map","""Potentially erroneous data or settings detected for a robot_localization state estimation\","""none""",,"""X_configuration""","""2 absolute pose inputs detected for X. This may result in oscillations. Please ensure\","""Y_configuration""","""2 absolute pose inputs detected for Y. This may result in oscillations. Please ensure\",0,"""ekf_se_map",'',"""none""",,"""Events in window""","""102""","""Events since startup""","""115""","""Duration of window (s)""","""10.210727""","""Actual frequency (Hz)""","""9.989495""","""Minimum acceptable frequency (Hz)""","""7.200000""","""Maximum acceptable frequency (Hz)""","""13.200000"""
1524751831856523750,,14,,1524751831,856414239,'',,1,"""ekf_se_map","""Potentially erroneous data or settings detected for a robot_localization state estimation\","""none""",,"""X_configuration""","""2 absolute pose inputs detected for X. This may result in oscillations. Please ensure\","""Y_configuration""","""2 absolute pose inputs detected for Y. This may result in oscillations. Please ensure\",0,"""ekf_se_map",'',"""none""",,"""Events in window""","""102""","""Events since startup""","""125""","""Duration of window (s)""","""10.214885""","""Actual frequency (Hz)""","""9.985428""","""Minimum acceptable frequency (Hz)""","""7.200000""","""Maximum acceptable frequency (Hz)""","""13.200000"""
1524751832856896487,,15,,1524751832,856791022,'',,1,"""ekf_se_map","""Potentially erroneous data or settings detected for a robot_localization state estimation\","""none""",,"""X_configuration""","""2 absolute pose inputs detected for X. This may result in oscillations. Please ensure\","""Y_configuration""","""2 absolute pose inputs detected for Y. This may result in oscillations. Please ensure\",0,"""ekf_se_map",'',"""none""",,"""Events in window""","""102""","""Events since startup""","""135""","""Duration of window (s)""","""10.211962""","""Actual frequency (Hz)""","""9.988286""","""Minimum acceptable frequency (Hz)""","""7.200000""","""Maximum acceptable frequency (Hz)""","""13.200000"""
1524751833957481669,,16,,1524751833,957374331,'',,1,"""ekf_se_map","""Potentially erroneous data or settings detected for a robot_localization state estimation\","""none""",,"""X_configuration""","""2 absolute pose inputs detected for X. This may result in oscillations. Please ensure\","""Y_configuration""","""2 absolute pose inputs detected for Y. This may result in oscillations. Please ensure\",0,"""ekf_se_map",'',"""none""",,"""Events in window""","""103""","""Events since startup""","""146""","""Duration of window (s)""","""10.310882""","""Actual frequency (Hz)""","""9.989446""","""Minimum acceptable frequency (Hz)""","""7.200000""","""Maximum acceptable frequency (Hz)""","""13.200000"""
1524751834959335630,,17,,1524751834,959193120,'',,1,"""ekf_se_map","""Potentially erroneous data or settings detected for a robot_localization state estimation\","""none""",,"""X_configuration""","""2 absolute pose inputs detected for X. This may result in oscillations. Please ensure\","""Y_configuration""","""2 absolute pose inputs detected for Y. This may result in oscillations. Please ensure\",0,"""ekf_se_map",'',"""none""",,"""Events in window""","""103""","""Events since startup""","""156""","""Duration of window (s)""","""10.312409""","""Actual frequency (Hz)""","""9.987967""","""Minimum acceptable frequency (Hz)""","""7.200000""","""Maximum acceptable frequency (Hz)""","""13.200000"""
1524751835958187150,,18,,1524751835,958092834,'',,1,"""ekf_se_map","""Potentially erroneous data or settings detected for a robot_localization state estimation\","""none""",,"""X_configuration""","""2 absolute pose inputs detected for X. This may result in oscillations. Please ensure\","""Y_configuration""","""2 absolute pose inputs detected for Y. This may result in oscillations. Please ensure\",0,"""ekf_se_map",'',"""none""",,"""Events in window""","""102""","""Events since startup""","""166""","""Duration of window (s)""","""10.208213""","""Actual frequency (Hz)""","""9.991954""","""Minimum acceptable frequency (Hz)""","""7.200000""","""Maximum acceptable frequency (Hz)""","""13.200000"""
1524751836961356490,,19,,1524751836,961265539,'',,1,"""ekf_se_map","""Potentially erroneous data or settings detected for a robot_localization state estimation\","""none""",,"""X_configuration""","""2 absolute pose inputs detected for X. This may result in oscillations. Please ensure\","""Y_configuration""","""2 absolute pose inputs detected for Y. This may result in oscillations. Please ensure\",0,"""ekf_se_map",'',"""none""",,"""Events in window""","""102""","""Events since startup""","""176""","""Duration of window (s)""","""10.211043""","""Actual frequency (Hz)""","""9.989185""","""Minimum acceptable frequency (Hz)""","""7.200000""","""Maximum acceptable frequency (Hz)""","""13.200000"""
1524751838059888267,,20,,1524751838,59780317,'',,1,"""ekf_se_map","""Potentially erroneous data or settings detected for a robot_localization state estimation\","""none""",,"""X_configuration""","""2 absolute pose inputs detected for X. This may result in oscillations. Please ensure\","""Y_configuration""","""2 absolute pose inputs detected for Y. This may result in oscillations. Please ensure\",0,"""ekf_se_map",'',"""none""",,"""Events in window""","""103""","""Events since startup""","""187""","""Duration of window (s)""","""10.308747""","""Actual frequency (Hz)""","""9.991515""","""Minimum acceptable frequency (Hz)""","""7.200000""","""Maximum acceptable frequency (Hz)""","""13.200000"""
1524751839061686135,,21,,1524751839,61567808,'',,1,"""ekf_se_map","""Potentially erroneous data or settings detected for a robot_localization state estimation\","""none""",,"""X_configuration""","""2 absolute pose inputs detected for X. This may result in oscillations. Please ensure\","""Y_configuration""","""2 absolute pose inputs detected for Y. This may result in oscillations. Please ensure\",0,"""ekf_se_map",'',"""none""",,"""Events in window""","""103""","""Events since startup""","""197""","""Duration of window (s)""","""10.310297""","""Actual frequency (Hz)""","""9.990013""","""Minimum acceptable frequency (Hz)""","""7.200000""","""Maximum acceptable frequency (Hz)""","""13.200000"""
1524751840063185932,,22,,1524751840,63086346,'',,1,"""ekf_se_map","""Potentially erroneous data or settings detected for a robot_localization state estimation\","""none""",,"""X_configuration""","""2 absolute pose inputs detected for X. This may result in oscillations. Please ensure\","""Y_configuration""","""2 absolute pose inputs detected for Y. This may result in oscillations. Please ensure\",0,"""ekf_se_map",'',"""none""",,"""Events in window""","""102""","""Events since startup""","""207""","""Duration of window (s)""","""10.206294""","""Actual frequency (Hz)""","""9.993833""","""Minimum acceptable frequency (Hz)""","""7.200000""","""Maximum acceptable frequency (Hz)""","""13.200000"""
1524751841165748529,,23,,1524751841,165661494,'',,1,"""ekf_se_map","""Potentially erroneous data or settings detected for a robot_localization state estimation\","""none""",,"""X_configuration""","""2 absolute pose inputs detected for X. This may result in oscillations. Please ensure\","""Y_configuration""","""2 absolute pose inputs detected for Y. This may result in oscillations. Please ensure\",0,"""ekf_se_map",'',"""none""",,"""Events in window""","""103""","""Events since startup""","""218""","""Duration of window (s)""","""10.311184""","""Actual frequency (Hz)""","""9.989153""","""Minimum acceptable frequency (Hz)""","""7.200000""","""Maximum acceptable frequency (Hz)""","""13.200000"""
1524751842167110236,,24,,1524751842,167017230,'',,1,"""ekf_se_map","""Potentially erroneous data or settings detected for a robot_localization state estimation\","""none""",,"""X_configuration""","""2 absolute pose inputs detected for X. This may result in oscillations. Please ensure\","""Y_configuration""","""2 absolute pose inputs detected for Y. This may result in oscillations. Please ensure\",0,"""ekf_se_map",'',"""none""",,"""Events in window""","""103""","""Events since startup""","""228""","""Duration of window (s)""","""10.310594""","""Actual frequency (Hz)""","""9.989725""","""Minimum acceptable frequency (Hz)""","""7.200000""","""Maximum acceptable frequency (Hz)""","""13.200000"""
1524751843166577288,,25,,1524751843,166490782,'',,1,"""ekf_se_map","""Potentially erroneous data or settings detected for a robot_localization state estimation\","""none""",,"""X_configuration""","""2 absolute pose inputs detected for X. This may result in oscillations. Please ensure\","""Y_configuration""","""2 absolute pose inputs detected for Y. This may result in oscillations. Please ensure\",0,"""ekf_se_map",'',"""none""",,"""Events in window""","""103""","""Events since startup""","""238""","""Duration of window (s)""","""10.309703""","""Actual frequency (Hz)""","""9.990589""","""Minimum acceptable frequency (Hz)""","""7.200000""","""Maximum acceptable frequency (Hz)""","""13.200000"""
1524751844166648960,,26,,1524751844,166548173,'',,1,"""ekf_se_map","""Potentially erroneous data or settings detected for a robot_localization state estimation\","""none""",,"""X_configuration""","""2 absolute pose inputs detected for X. This may result in oscillations. Please ensure\","""Y_configuration""","""2 absolute pose inputs detected for Y. This may result in oscillations. Please ensure\",0,"""ekf_se_map",'',"""none""",,"""Events in window""","""102""","""Events since startup""","""248""","""Duration of window (s)""","""10.209174""","""Actual frequency (Hz)""","""9.991014""","""Minimum acceptable frequency (Hz)""","""7.200000""","""Maximum acceptable frequency (Hz)""","""13.200000"""
1524751845169177145,,27,,1524751845,169083817,'',,1,"""ekf_se_map","""Potentially erroneous data or settings detected for a robot_localization state estimation\","""none""",,"""X_configuration""","""2 absolute pose inputs detected for X. This may result in oscillations. Please ensure\","""Y_configuration""","""2 absolute pose inputs detected for Y. This may result in oscillations. Please ensure\",0,"""ekf_se_map",'',"""none""",,"""Events in window""","""102""","""Events since startup""","""258""","""Duration of window (s)""","""10.209886""","""Actual frequency (Hz)""","""9.990317""","""Minimum acceptable frequency (Hz)""","""7.200000""","""Maximum acceptable frequency (Hz)""","""13.200000"""
1524751846169099740,,28,,1524751846,169021483,'',,1,"""ekf_se_map","""Potentially erroneous data or settings detected for a robot_localization state estimation\","""none""",,"""X_configuration""","""2 absolute pose inputs detected for X. This may result in oscillations. Please ensure\","""Y_configuration""","""2 absolute pose inputs detected for Y. This may result in oscillations. Please ensure\",0,"""ekf_se_map",'',"""none""",,"""Events in window""","""102""","""Events since startup""","""268""","""Duration of window (s)""","""10.210929""","""Actual frequency (Hz)""","""9.989297""","""Minimum acceptable frequency (Hz)""","""7.200000""","""Maximum acceptable frequency (Hz)""","""13.200000"""
1524751847269963680,,29,,1524751847,269867542,'',,1,"""ekf_se_map","""Potentially erroneous data or settings detected for a robot_localization state estimation\","""none""",,"""X_configuration""","""2 absolute pose inputs detected for X. This may result in oscillations. Please ensure\","""Y_configuration""","""2 absolute pose inputs detected for Y. This may result in oscillations. Please ensure\",0,"""ekf_se_map",'',"""none""",,"""Events in window""","""103""","""Events since startup""","""279""","""Duration of window (s)""","""10.308602""","""Actual frequency (Hz)""","""9.991655""","""Minimum acceptable frequency (Hz)""","""7.200000""","""Maximum acceptable frequency (Hz)""","""13.200000"""
1524751848270296122,,30,,1524751848,270119435,'',,1,"""ekf_se_map","""Potentially erroneous data or settings detected for a robot_localization state estimation\","""none""",,"""X_configuration""","""2 absolute pose inputs detected for X. This may result in oscillations. Please ensure\","""Y_configuration""","""2 absolute pose inputs detected for Y. This may result in oscillations. Please ensure\",0,"""ekf_se_map",'',"""none""",,"""Events in window""","""102""","""Events since startup""","""289""","""Duration of window (s)""","""10.210343""","""Actual frequency (Hz)""","""9.989870""","""Minimum acceptable frequency (Hz)""","""7.200000""","""Maximum acceptable frequency (Hz)""","""13.200000"""
1524751849369629244,,31,,1524751849,369516013,'',,1,"""ekf_se_map","""Potentially erroneous data or settings detected for a robot_localization state estimation\","""none""",,"""X_configuration""","""2 absolute pose inputs detected for X. This may result in oscillations. Please ensure\","""Y_configuration""","""2 absolute pose inputs detected for Y. This may result in oscillations. Please ensure\",0,"""ekf_se_map",'',"""none""",,"""Events in window""","""103""","""Events since startup""","""300""","""Duration of window (s)""","""10.307965""","""Actual frequency (Hz)""","""9.992273""","""Minimum acceptable frequency (Hz)""","""7.200000""","""Maximum acceptable frequency (Hz)""","""13.200000"""
1524751850370798230,,32,,1524751850,370697133,'',,1,"""ekf_se_map","""Potentially erroneous data or settings detected for a robot_localization state estimation\","""none""",,"""X_configuration""","""2 absolute pose inputs detected for X. This may result in oscillations. Please ensure\","""Y_configuration""","""2 absolute pose inputs detected for Y. This may result in oscillations. Please ensure\",0,"""ekf_se_map",'',"""none""",,"""Events in window""","""103""","""Events since startup""","""310""","""Duration of window (s)""","""10.307611""","""Actual frequency (Hz)""","""9.992616""","""Minimum acceptable frequency (Hz)""","""7.200000""","""Maximum acceptable frequency (Hz)""","""13.200000"""
1524751851373278963,,33,,1524751851,373198833,'',,1,"""ekf_se_map","""Potentially erroneous data or settings detected for a robot_localization state estimation\","""none""",,"""X_configuration""","""2 absolute pose inputs detected for X. This may result in oscillations. Please ensure\","""Y_configuration""","""2 absolute pose inputs detected for Y. This may result in oscillations. Please ensure\",0,"""ekf_se_map",'',"""none""",,"""Events in window""","""102""","""Events since startup""","""320""","""Duration of window (s)""","""10.207537""","""Actual frequency (Hz)""","""9.992616""","""Minimum acceptable frequency (Hz)""","""7.200000""","""Maximum acceptable frequency (Hz)""","""13.200000"""
1524751852373005006,,34,,1524751852,372897529,'',,1,"""ekf_se_map","""Potentially erroneous data or settings detected for a robot_localization state estimation\","""none""",,"""X_configuration""","""2 absolute pose inputs detected for X. This may result in oscillations. Please ensure\","""Y_configuration""","""2 absolute pose inputs detected for Y. This may result in oscillations. Please ensure\",0,"""ekf_se_map",'',"""none""",,"""Events in window""","""102""","""Events since startup""","""330""","""Duration of window (s)""","""10.205884""","""Actual frequency (Hz)""","""9.994235""","""Minimum acceptable frequency (Hz)""","""7.200000""","""Maximum acceptable frequency (Hz)""","""13.200000"""
1524751853474110687,,35,,1524751853,474025666,'',,1,"""ekf_se_map","""Potentially erroneous data or settings detected for a robot_localization state estimation\","""none""",,"""X_configuration""","""2 absolute pose inputs detected for X. This may result in oscillations. Please ensure\","""Y_configuration""","""2 absolute pose inputs detected for Y. This may result in oscillations. Please ensure\",0,"""ekf_se_map",'',"""none""",,"""Events in window""","""103""","""Events since startup""","""341""","""Duration of window (s)""","""10.307525""","""Actual frequency (Hz)""","""9.992700""","""Minimum acceptable frequency (Hz)""","""7.200000""","""Maximum acceptable frequency (Hz)""","""13.200000"""
1524751854473818387,,36,,1524751854,473714251,'',,1,"""ekf_se_map","""Potentially erroneous data or settings detected for a robot_localization state estimation\","""none""",,"""X_configuration""","""2 absolute pose inputs detected for X. This may result in oscillations. Please ensure\","""Y_configuration""","""2 absolute pose inputs detected for Y. This may result in oscillations. Please ensure\",0,"""ekf_se_map",'',"""none""",,"""Events in window""","""103""","""Events since startup""","""351""","""Duration of window (s)""","""10.307156""","""Actual frequency (Hz)""","""9.993057""","""Minimum acceptable frequency (Hz)""","""7.200000""","""Maximum acceptable frequency (Hz)""","""13.200000"""
1524751855474010982,,37,,1524751855,473914162,'',,1,"""ekf_se_map","""Potentially erroneous data or settings detected for a robot_localization state estimation\","""none""",,"""X_configuration""","""2 absolute pose inputs detected for X. This may result in oscillations. Please ensure\","""Y_configuration""","""2 absolute pose inputs detected for Y. This may result in oscillations. Please ensure\",0,"""ekf_se_map",'',"""none""",,"""Events in window""","""103""","""Events since startup""","""361""","""Duration of window (s)""","""10.304840""","""Actual frequency (Hz)""","""9.995303""","""Minimum acceptable frequency (Hz)""","""7.200000""","""Maximum acceptable frequency (Hz)""","""13.200000"""
1524751856477178899,,38,,1524751856,477079417,'',,1,"""ekf_se_map","""Potentially erroneous data or settings detected for a robot_localization state estimation\","""none""",,"""X_configuration""","""2 absolute pose inputs detected for X. This may result in oscillations. Please ensure\","""Y_configuration""","""2 absolute pose inputs detected for Y. This may result in oscillations. Please ensure\",0,"""ekf_se_map",'',"""none""",,"""Events in window""","""103""","""Events since startup""","""371""","""Duration of window (s)""","""10.308058""","""Actual frequency (Hz)""","""9.992183""","""Minimum acceptable frequency (Hz)""","""7.200000""","""Maximum acceptable frequency (Hz)""","""13.200000"""
1524751857477198608,,39,,1524751857,477112904,'',,1,"""ekf_se_map","""Potentially erroneous data or settings detected for a robot_localization state estimation\","""none""",,"""X_configuration""","""2 absolute pose inputs detected for X. This may result in oscillations. Please ensure\","""Y_configuration""","""2 absolute pose inputs detected for Y. This may result in oscillations. Please ensure\",0,"""ekf_se_map",'',"""none""",,"""Events in window""","""102""","""Events since startup""","""381""","""Duration of window (s)""","""10.207235""","""Actual frequency (Hz)""","""9.992912""","""Minimum acceptable frequency (Hz)""","""7.200000""","""Maximum acceptable frequency (Hz)""","""13.200000"""
1524751858478316961,,40,,1524751858,478223527,'',,1,"""ekf_se_map","""Potentially erroneous data or settings detected for a robot_localization state estimation\","""none""",,"""X_configuration""","""2 absolute pose inputs detected for X. This may result in oscillations. Please ensure\","""Y_configuration""","""2 absolute pose inputs detected for Y. This may result in oscillations. Please ensure\",0,"""ekf_se_map",'',"""none""",,"""Events in window""","""102""","""Events since startup""","""391""","""Duration of window (s)""","""10.208112""","""Actual frequency (Hz)""","""9.992053""","""Minimum acceptable frequency (Hz)""","""7.200000""","""Maximum acceptable frequency (Hz)""","""13.200000"""
1524751859578546751,,41,,1524751859,578458435,'',,1,"""ekf_se_map","""Potentially erroneous data or settings detected for a robot_localization state estimation\","""none""",,"""X_configuration""","""2 absolute pose inputs detected for X. This may result in oscillations. Please ensure\","""Y_configuration""","""2 absolute pose inputs detected for Y. This may result in oscillations. Please ensure\",0,"""ekf_se_map",'',"""none""",,"""Events in window""","""102""","""Events since startup""","""402""","""Duration of window (s)""","""10.208943""","""Actual frequency (Hz)""","""9.991240""","""Minimum acceptable frequency (Hz)""","""7.200000""","""Maximum acceptable frequency (Hz)""","""13.200000"""
1524751860578501119,,42,,1524751860,578425655,'',,1,"""ekf_se_map","""Potentially erroneous data or settings detected for a robot_localization state estimation\","""none""",,"""X_configuration""","""2 absolute pose inputs detected for X. This may result in oscillations. Please ensure\","""Y_configuration""","""2 absolute pose inputs detected for Y. This may result in oscillations. Please ensure\",0,"""ekf_se_map",'',"""none""",,"""Events in window""","""102""","""Events since startup""","""412""","""Duration of window (s)""","""10.207721""","""Actual frequency (Hz)""","""9.992436""","""Minimum acceptable frequency (Hz)""","""7.200000""","""Maximum acceptable frequency (Hz)""","""13.200000"""
1524751861578862425,,43,,1524751861,578753605,'',,1,"""ekf_se_map","""Potentially erroneous data or settings detected for a robot_localization state estimation\","""none""",,"""X_configuration""","""2 absolute pose inputs detected for X. This may result in oscillations. Please ensure\","""Y_configuration""","""2 absolute pose inputs detected for Y. This may result in oscillations. Please ensure\",0,"""ekf_se_map",'',"""none""",,"""Events in window""","""102""","""Events since startup""","""422""","""Duration of window (s)""","""10.205555""","""Actual frequency (Hz)""","""9.994557""","""Minimum acceptable frequency (Hz)""","""7.200000""","""Maximum acceptable frequency (Hz)""","""13.200000"""
1524751862581553500,,44,,1524751862,581455091,'',,1,"""ekf_se_map","""Potentially erroneous data or settings detected for a robot_localization state estimation\","""none""",,"""X_configuration""","""2 absolute pose inputs detected for X. This may result in oscillations. Please ensure\","""Y_configuration""","""2 absolute pose inputs detected for Y. This may result in oscillations. Please ensure\",0,"""ekf_se_map",'',"""none""",,"""Events in window""","""102""","""Events since startup""","""432""","""Duration of window (s)""","""10.208555""","""Actual frequency (Hz)""","""9.991620""","""Minimum acceptable frequency (Hz)""","""7.200000""","""Maximum acceptable frequency (Hz)""","""13.200000"""
1524751863680219189,,45,,1524751863,680120086,'',,1,"""ekf_se_map","""Potentially erroneous data or settings detected for a robot_localization state estimation\","""none""",,"""X_configuration""","""2 absolute pose inputs detected for X. This may result in oscillations. Please ensure\","""Y_configuration""","""2 absolute pose inputs detected for Y. This may result in oscillations. Please ensure\",0,"""ekf_se_map",'',"""none""",,"""Events in window""","""102""","""Events since startup""","""443""","""Duration of window (s)""","""10.206095""","""Actual frequency (Hz)""","""9.994028""","""Minimum acceptable frequency (Hz)""","""7.200000""","""Maximum acceptable frequency (Hz)""","""13.200000"""
1524751864679339689,,46,,1524751864,679248589,'',,1,"""ekf_se_map","""Potentially erroneous data or settings detected for a robot_localization state estimation\","""none""",,"""X_configuration""","""2 absolute pose inputs detected for X. This may result in oscillations. Please ensure\","""Y_configuration""","""2 absolute pose inputs detected for Y. This may result in oscillations. Please ensure\",0,"""ekf_se_map",'',"""none""",,"""Events in window""","""102""","""Events since startup""","""453""","""Duration of window (s)""","""10.205544""","""Actual frequency (Hz)""","""9.994568""","""Minimum acceptable frequency (Hz)""","""7.200000""","""Maximum acceptable frequency (Hz)""","""13.200000"""
1524751865682565862,,47,,1524751865,682468922,'',,1,"""ekf_se_map","""Potentially erroneous data or settings detected for a robot_localization state estimation\","""none""",,"""X_configuration""","""2 absolute pose inputs detected for X. This may result in oscillations. Please ensure\","""Y_configuration""","""2 absolute pose inputs detected for Y. This may result in oscillations. Please ensure\",0,"""ekf_se_map",'',"""none""",,"""Events in window""","""102""","""Events since startup""","""463""","""Duration of window (s)""","""10.208545""","""Actual frequency (Hz)""","""9.991630""","""Minimum acceptable frequency (Hz)""","""7.200000""","""Maximum acceptable frequency (Hz)""","""13.200000"""
1524751866683117046,,48,,1524751866,683023814,'',,1,"""ekf_se_map","""Potentially erroneous data or settings detected for a robot_localization state estimation\","""none""",,"""X_configuration""","""2 absolute pose inputs detected for X. This may result in oscillations. Please ensure\","""Y_configuration""","""2 absolute pose inputs detected for Y. This may result in oscillations. Please ensure\",0,"""ekf_se_map",'',"""none""",,"""Events in window""","""102""","""Events since startup""","""473""","""Duration of window (s)""","""10.205927""","""Actual frequency (Hz)""","""9.994192""","""Minimum acceptable frequency (Hz)""","""7.200000""","""Maximum acceptable frequency (Hz)""","""13.200000"""
1524751867786221286,,49,,1524751867,786136164,'',,1,"""ekf_se_map","""Potentially erroneous data or settings detected for a robot_localization state estimation\","""none""",,"""X_configuration""","""2 absolute pose inputs detected for X. This may result in oscillations. Please ensure\","""Y_configuration""","""2 absolute pose inputs detected for Y. This may result in oscillations. Please ensure\",0,"""ekf_se_map",'',"""none""",,"""Events in window""","""103""","""Events since startup""","""484""","""Duration of window (s)""","""10.309034""","""Actual frequency (Hz)""","""9.991237""","""Minimum acceptable frequency (Hz)""","""7.200000""","""Maximum acceptable frequency (Hz)""","""13.200000"""
1524751868784922619,,50,,1524751868,784819828,'',,1,"""ekf_se_map","""Potentially erroneous data or settings detected for a robot_localization state estimation\","""none""",,"""X_configuration""","""2 absolute pose inputs detected for X. This may result in oscillations. Please ensure\","""Y_configuration""","""2 absolute pose inputs detected for Y. This may result in oscillations. Please ensure\",0,"""ekf_se_map",'',"""none""",,"""Events in window""","""103""","""Events since startup""","""494""","""Duration of window (s)""","""10.306588""","""Actual frequency (Hz)""","""9.993608""","""Minimum acceptable frequency (Hz)""","""7.200000""","""Maximum acceptable frequency (Hz)""","""13.200000"""
1524751869786865009,,51,,1524751869,786671278,'',,1,"""ekf_se_map","""Potentially erroneous data or settings detected for a robot_localization state estimation\","""none""",,"""X_configuration""","""2 absolute pose inputs detected for X. This may result in oscillations. Please ensure\","""Y_configuration""","""2 absolute pose inputs detected for Y. This may result in oscillations. Please ensure\",0,"""ekf_se_map",'',"""none""",,"""Events in window""","""102""","""Events since startup""","""504""","""Duration of window (s)""","""10.208212""","""Actual frequency (Hz)""","""9.991955""","""Minimum acceptable frequency (Hz)""","""7.200000""","""Maximum acceptable frequency (Hz)""","""13.200000"""
1524751870886154692,,52,,1524751870,886062312,'',,1,"""ekf_se_map","""Potentially erroneous data or settings detected for a robot_localization state estimation\","""none""",,"""X_configuration""","""2 absolute pose inputs detected for X. This may result in oscillations. Please ensure\","""Y_configuration""","""2 absolute pose inputs detected for Y. This may result in oscillations. Please ensure\",0,"""ekf_se_map",'',"""none""",,"""Events in window""","""103""","""Events since startup""","""515""","""Duration of window (s)""","""10.307633""","""Actual frequency (Hz)""","""9.992594""","""Minimum acceptable frequency (Hz)""","""7.200000""","""Maximum acceptable frequency (Hz)""","""13.200000"""
1524751871887710257,,53,,1524751871,887584627,'',,1,"""ekf_se_map","""Potentially erroneous data or settings detected for a robot_localization state estimation\","""none""",,"""X_configuration""","""2 absolute pose inputs detected for X. This may result in oscillations. Please ensure\","""Y_configuration""","""2 absolute pose inputs detected for Y. This may result in oscillations. Please ensure\",0,"""ekf_se_map",'',"""none""",,"""Events in window""","""103""","""Events since startup""","""525""","""Duration of window (s)""","""10.308824""","""Actual frequency (Hz)""","""9.991440""","""Minimum acceptable frequency (Hz)""","""7.200000""","""Maximum acceptable frequency (Hz)""","""13.200000"""
1524751872891507046,,54,,1524751872,891365086,'',,1,"""ekf_se_map","""Potentially erroneous data or settings detected for a robot_localization state estimation\","""none""",,"""X_configuration""","""2 absolute pose inputs detected for X. This may result in oscillations. Please ensure\","""Y_configuration""","""2 absolute pose inputs detected for Y. This may result in oscillations. Please ensure\",0,"""ekf_se_map",'',"""none""",,"""Events in window""","""103""","""Events since startup""","""535""","""Duration of window (s)""","""10.309919""","""Actual frequency (Hz)""","""9.990379""","""Minimum acceptable frequency (Hz)""","""7.200000""","""Maximum acceptable frequency (Hz)""","""13.200000"""
1524751873891568740,,55,,1524751873,891422938,'',,1,"""ekf_se_map","""Potentially erroneous data or settings detected for a robot_localization state estimation\","""none""",,"""X_configuration""","""2 absolute pose inputs detected for X. This may result in oscillations. Please ensure\","""Y_configuration""","""2 absolute pose inputs detected for Y. This may result in oscillations. Please ensure\",0,"""ekf_se_map",'',"""none""",,"""Events in window""","""102""","""Events since startup""","""545""","""Duration of window (s)""","""10.211313""","""Actual frequency (Hz)""","""9.988921""","""Minimum acceptable frequency (Hz)""","""7.200000""","""Maximum acceptable frequency (Hz)""","""13.200000"""
1524751874893933948,,56,,1524751874,893852511,'',,1,"""ekf_se_map","""Potentially erroneous data or settings detected for a robot_localization state estimation\","""none""",,"""X_configuration""","""2 absolute pose inputs detected for X. This may result in oscillations. Please ensure\","""Y_configuration""","""2 absolute pose inputs detected for Y. This may result in oscillations. Please ensure\",0,"""ekf_se_map",'',"""none""",,"""Events in window""","""102""","""Events since startup""","""555""","""Duration of window (s)""","""10.214604""","""Actual frequency (Hz)""","""9.985703""","""Minimum acceptable frequency (Hz)""","""7.200000""","""Maximum acceptable frequency (Hz)""","""13.200000"""
1524751875990953916,,57,,1524751875,990873643,'',,1,"""ekf_se_map","""Potentially erroneous data or settings detected for a robot_localization state estimation\","""none""",,"""X_configuration""","""2 absolute pose inputs detected for X. This may result in oscillations. Please ensure\","""Y_configuration""","""2 absolute pose inputs detected for Y. This may result in oscillations. Please ensure\",0,"""ekf_se_map",'',"""none""",,"""Events in window""","""103""","""Events since startup""","""566""","""Duration of window (s)""","""10.308406""","""Actual frequency (Hz)""","""9.991845""","""Minimum acceptable frequency (Hz)""","""7.200000""","""Maximum acceptable frequency (Hz)""","""13.200000"""
1524751877090711549,,58,,1524751877,90610882,'',,1,"""ekf_se_map","""Potentially erroneous data or settings detected for a robot_localization state estimation\","""none""",,"""X_configuration""","""2 absolute pose inputs detected for X. This may result in oscillations. Please ensure\","""Y_configuration""","""2 absolute pose inputs detected for Y. This may result in oscillations. Please ensure\",0,"""ekf_se_map",'',"""none""",,"""Events in window""","""104""","""Events since startup""","""577""","""Duration of window (s)""","""10.407595""","""Actual frequency (Hz)""","""9.992703""","""Minimum acceptable frequency (Hz)""","""7.200000""","""Maximum acceptable frequency (Hz)""","""13.200000"""
1524751878188026038,,59,,1524751878,187888508,'',,1,"""ekf_se_map","""Potentially erroneous data or settings detected for a robot_localization state estimation\","""none""",,"""X_configuration""","""2 absolute pose inputs detected for X. This may result in oscillations. Please ensure\","""Y_configuration""","""2 absolute pose inputs detected for Y. This may result in oscillations. Please ensure\",0,"""ekf_se_map",'',"""none""",,"""Events in window""","""104""","""Events since startup""","""588""","""Duration of window (s)""","""10.401742""","""Actual frequency (Hz)""","""9.998325""","""Minimum acceptable frequency (Hz)""","""7.200000""","""Maximum acceptable frequency (Hz)""","""13.200000"""
1524751879192571965,,60,,1524751879,192486698,'',,1,"""ekf_se_map","""Potentially erroneous data or settings detected for a robot_localization state estimation\","""none""",,"""X_configuration""","""2 absolute pose inputs detected for X. This may result in oscillations. Please ensure\","""Y_configuration""","""2 absolute pose inputs detected for Y. This may result in oscillations. Please ensure\",0,"""ekf_se_map",'',"""none""",,"""Events in window""","""104""","""Events since startup""","""598""","""Duration of window (s)""","""10.407661""","""Actual frequency (Hz)""","""9.992639""","""Minimum acceptable frequency (Hz)""","""7.200000""","""Maximum acceptable frequency (Hz)""","""13.200000"""
1524751880194738328,,61,,1524751880,194650687,'',,1,"""ekf_se_map","""Potentially erroneous data or settings detected for a robot_localization state estimation\","""none""",,"""X_configuration""","""2 absolute pose inputs detected for X. This may result in oscillations. Please ensure\","""Y_configuration""","""2 absolute pose inputs detected for Y. This may result in oscillations. Please ensure\",0,"""ekf_se_map",'',"""none""",,"""Events in window""","""104""","""Events since startup""","""608""","""Duration of window (s)""","""10.407980""","""Actual frequency (Hz)""","""9.992333""","""Minimum acceptable frequency (Hz)""","""7.200000""","""Maximum acceptable frequency (Hz)""","""13.200000"""
1524751881296520355,,62,,1524751881,296442703,'',,1,"""ekf_se_map","""Potentially erroneous data or settings detected for a robot_localization state estimation\","""none""",,"""X_configuration""","""2 absolute pose inputs detected for X. This may result in oscillations. Please ensure\","""Y_configuration""","""2 absolute pose inputs detected for Y. This may result in oscillations. Please ensure\",0,"""ekf_se_map",'',"""none""",,"""Events in window""","""104""","""Events since startup""","""619""","""Duration of window (s)""","""10.410390""","""Actual frequency (Hz)""","""9.990019""","""Minimum acceptable frequency (Hz)""","""7.200000""","""Maximum acceptable frequency (Hz)""","""13.200000"""
1524751882294047241,,63,,1524751882,293960265,'',,1,"""ekf_se_map","""Potentially erroneous data or settings detected for a robot_localization state estimation\","""none""",,"""X_configuration""","""2 absolute pose inputs detected for X. This may result in oscillations. Please ensure\","""Y_configuration""","""2 absolute pose inputs detected for Y. This may result in oscillations. Please ensure\",0,"""ekf_se_map",'',"""none""",,"""Events in window""","""104""","""Events since startup""","""629""","""Duration of window (s)""","""10.406383""","""Actual frequency (Hz)""","""9.993867""","""Minimum acceptable frequency (Hz)""","""7.200000""","""Maximum acceptable frequency (Hz)""","""13.200000"""
1524751883297482052,,64,,1524751883,297387152,'',,1,"""ekf_se_map","""Potentially erroneous data or settings detected for a robot_localization state estimation\","""none""",,"""X_configuration""","""2 absolute pose inputs detected for X. This may result in oscillations. Please ensure\","""Y_configuration""","""2 absolute pose inputs detected for Y. This may result in oscillations. Please ensure\",0,"""ekf_se_map",'',"""none""",,"""Events in window""","""104""","""Events since startup""","""639""","""Duration of window (s)""","""10.406021""","""Actual frequency (Hz)""","""9.994214""","""Minimum acceptable frequency (Hz)""","""7.200000""","""Maximum acceptable frequency (Hz)""","""13.200000"""
1524751884300740380,,65,,1524751884,300659162,'',,1,"""ekf_se_map","""Potentially erroneous data or settings detected for a robot_localization state estimation\","""none""",,"""X_configuration""","""2 absolute pose inputs detected for X. This may result in oscillations. Please ensure\","""Y_configuration""","""2 absolute pose inputs detected for Y. This may result in oscillations. Please ensure\",0,"""ekf_se_map",'',"""none""",,"""Events in window""","""104""","""Events since startup""","""649""","""Duration of window (s)""","""10.409226""","""Actual frequency (Hz)""","""9.991136""","""Minimum acceptable frequency (Hz)""","""7.200000""","""Maximum acceptable frequency (Hz)""","""13.200000"""
1524751885301536592,,66,,1524751885,301446561,'',,1,"""ekf_se_map","""Potentially erroneous data or settings detected for a robot_localization state estimation\","""none""",,"""X_configuration""","""2 absolute pose inputs detected for X. This may result in oscillations. Please ensure\","""Y_configuration""","""2 absolute pose inputs detected for Y. This may result in oscillations. Please ensure\",0,"""ekf_se_map",'',"""none""",,"""Events in window""","""104""","""Events since startup""","""659""","""Duration of window (s)""","""10.407594""","""Actual frequency (Hz)""","""9.992703""","""Minimum acceptable frequency (Hz)""","""7.200000""","""Maximum acceptable frequency (Hz)""","""13.200000"""
1524751886299175010,,67,,1524751886,299080779,'',,1,"""ekf_se_map","""Potentially erroneous data or settings detected for a robot_localization state estimation\","""none""",,"""X_configuration""","""2 absolute pose inputs detected for X. This may result in oscillations. Please ensure\","""Y_configuration""","""2 absolute pose inputs detected for Y. This may result in oscillations. Please ensure\",0,"""ekf_se_map",'',"""none""",,"""Events in window""","""103""","""Events since startup""","""669""","""Duration of window (s)""","""10.308216""","""Actual frequency (Hz)""","""9.992030""","""Minimum acceptable frequency (Hz)""","""7.200000""","""Maximum acceptable frequency (Hz)""","""13.200000"""
1524751887302403622,,68,,1524751887,302319230,'',,1,"""ekf_se_map","""Potentially erroneous data or settings detected for a robot_localization state estimation\","""none""",,"""X_configuration""","""2 absolute pose inputs detected for X. This may result in oscillations. Please ensure\","""Y_configuration""","""2 absolute pose inputs detected for Y. This may result in oscillations. Please ensure\",0,"""ekf_se_map",'',"""none""",,"""Events in window""","""102""","""Events since startup""","""679""","""Duration of window (s)""","""10.211705""","""Actual frequency (Hz)""","""9.988537""","""Minimum acceptable frequency (Hz)""","""7.200000""","""Maximum acceptable frequency (Hz)""","""13.200000"""
1524751888305417692,,69,,1524751888,305338689,'',,1,"""ekf_se_map","""Potentially erroneous data or settings detected for a robot_localization state estimation\","""none""",,"""X_configuration""","""2 absolute pose inputs detected for X. This may result in oscillations. Please ensure\","""Y_configuration""","""2 absolute pose inputs detected for Y. This may result in oscillations. Please ensure\",0,"""ekf_se_map",'',"""none""",,"""Events in window""","""101""","""Events since startup""","""689""","""Duration of window (s)""","""10.117460""","""Actual frequency (Hz)""","""9.982742""","""Minimum acceptable frequency (Hz)""","""7.200000""","""Maximum acceptable frequency (Hz)""","""13.200000"""
1524751889306029678,,70,,1524751889,305921178,'',,1,"""ekf_se_map","""Potentially erroneous data or settings detected for a robot_localization state estimation\","""none""",,"""X_configuration""","""2 absolute pose inputs detected for X. This may result in oscillations. Please ensure\","""Y_configuration""","""2 absolute pose inputs detected for Y. This may result in oscillations. Please ensure\",0,"""ekf_se_map",'',"""none""",,"""Events in window""","""101""","""Events since startup""","""699""","""Duration of window (s)""","""10.113449""","""Actual frequency (Hz)""","""9.986702""","""Minimum acceptable frequency (Hz)""","""7.200000""","""Maximum acceptable frequency (Hz)""","""13.200000"""
1524751890306149425,,71,,1524751890,306056968,'',,1,"""ekf_se_map","""Potentially erroneous data or settings detected for a robot_localization state estimation\","""none""",,"""X_configuration""","""2 absolute pose inputs detected for X. This may result in oscillations. Please ensure\","""Y_configuration""","""2 absolute pose inputs detected for Y. This may result in oscillations. Please ensure\",0,"""ekf_se_map",'',"""none""",,"""Events in window""","""101""","""Events since startup""","""709""","""Duration of window (s)""","""10.111406""","""Actual frequency (Hz)""","""9.988720""","""Minimum acceptable frequency (Hz)""","""7.200000""","""Maximum acceptable frequency (Hz)""","""13.200000"""
1524751891307141116,,72,,1524751891,307067751,'',,1,"""ekf_se_map","""Potentially erroneous data or settings detected for a robot_localization state estimation\","""none""",,"""X_configuration""","""2 absolute pose inputs detected for X. This may result in oscillations. Please ensure\","""Y_configuration""","""2 absolute pose inputs detected for Y. This may result in oscillations. Please ensure\",0,"""ekf_se_map",'',"""none""",,"""Events in window""","""100""","""Events since startup""","""719""","""Duration of window (s)""","""10.010624""","""Actual frequency (Hz)""","""9.989387""","""Minimum acceptable frequency (Hz)""","""7.200000""","""Maximum acceptable frequency (Hz)""","""13.200000"""
1524751892307398051,,73,,1524751892,307290038,'',,1,"""ekf_se_map","""Potentially erroneous data or settings detected for a robot_localization state estimation\","""none""",,"""X_configuration""","""2 absolute pose inputs detected for X. This may result in oscillations. Please ensure\","""Y_configuration""","""2 absolute pose inputs detected for Y. This may result in oscillations. Please ensure\",0,"""ekf_se_map",'',"""none""",,"""Events in window""","""100""","""Events since startup""","""729""","""Duration of window (s)""","""10.013329""","""Actual frequency (Hz)""","""9.986689""","""Minimum acceptable frequency (Hz)""","""7.200000""","""Maximum acceptable frequency (Hz)""","""13.200000"""
1524751893308002684,,74,,1524751893,307890516,'',,1,"""ekf_se_map","""Potentially erroneous data or settings detected for a robot_localization state estimation\","""none""",,"""X_configuration""","""2 absolute pose inputs detected for X. This may result in oscillations. Please ensure\","""Y_configuration""","""2 absolute pose inputs detected for Y. This may result in oscillations. Please ensure\",0,"""ekf_se_map",'',"""none""",,"""Events in window""","""100""","""Events since startup""","""739""","""Duration of window (s)""","""10.010502""","""Actual frequency (Hz)""","""9.989509""","""Minimum acceptable frequency (Hz)""","""7.200000""","""Maximum acceptable frequency (Hz)""","""13.200000"""
1524751894409292217,,75,,1524751894,409194049,'',,1,"""ekf_se_map","""Potentially erroneous data or settings detected for a robot_localization state estimation\","""none""",,"""X_configuration""","""2 absolute pose inputs detected for X. This may result in oscillations. Please ensure\","""Y_configuration""","""2 absolute pose inputs detected for Y. This may result in oscillations. Please ensure\",0,"""ekf_se_map",'',"""none""",,"""Events in window""","""101""","""Events since startup""","""750""","""Duration of window (s)""","""10.108545""","""Actual frequency (Hz)""","""9.991547""","""Minimum acceptable frequency (Hz)""","""7.200000""","""Maximum acceptable frequency (Hz)""","""13.200000"""
1524751895411229099,,76,,1524751895,411141110,'',,1,"""ekf_se_map","""Potentially erroneous data or settings detected for a robot_localization state estimation\","""none""",,"""X_configuration""","""2 absolute pose inputs detected for X. This may result in oscillations. Please ensure\","""Y_configuration""","""2 absolute pose inputs detected for Y. This may result in oscillations. Please ensure\",0,"""ekf_se_map",'',"""none""",,"""Events in window""","""101""","""Events since startup""","""760""","""Duration of window (s)""","""10.109685""","""Actual frequency (Hz)""","""9.990420""","""Minimum acceptable frequency (Hz)""","""7.200000""","""Maximum acceptable frequency (Hz)""","""13.200000"""
1524751896513801505,,77,,1524751896,513721800,'',,1,"""ekf_se_map","""Potentially erroneous data or settings detected for a robot_localization state estimation\","""none""",,"""X_configuration""","""2 absolute pose inputs detected for X. This may result in oscillations. Please ensure\","""Y_configuration""","""2 absolute pose inputs detected for Y. This may result in oscillations. Please ensure\",0,"""ekf_se_map",'',"""none""",,"""Events in window""","""102""","""Events since startup""","""771""","""Duration of window (s)""","""10.214641""","""Actual frequency (Hz)""","""9.985667""","""Minimum acceptable frequency (Hz)""","""7.200000""","""Maximum acceptable frequency (Hz)""","""13.200000"""
1524751897512304671,,78,,1524751897,512183289,'',,1,"""ekf_se_map","""Potentially erroneous data or settings detected for a robot_localization state estimation\","""none""",,"""X_configuration""","""2 absolute pose inputs detected for X. This may result in oscillations. Please ensure\","""Y_configuration""","""2 absolute pose inputs detected for Y. This may result in oscillations. Please ensure\",0,"""ekf_se_map",'',"""none""",,"""Events in window""","""102""","""Events since startup""","""781""","""Duration of window (s)""","""10.209875""","""Actual frequency (Hz)""","""9.990328""","""Minimum acceptable frequency (Hz)""","""7.200000""","""Maximum acceptable frequency (Hz)""","""13.200000"""
1524751898514744113,,79,,1524751898,514634856,'',,1,"""ekf_se_map","""Potentially erroneous data or settings detected for a robot_localization state estimation\","""none""",,"""X_configuration""","""2 absolute pose inputs detected for X. This may result in oscillations. Please ensure\","""Y_configuration""","""2 absolute pose inputs detected for Y. This may result in oscillations. Please ensure\",0,"""ekf_se_map",'',"""none""",,"""Events in window""","""102""","""Events since startup""","""791""","""Duration of window (s)""","""10.209296""","""Actual frequency (Hz)""","""9.990894""","""Minimum acceptable frequency (Hz)""","""7.200000""","""Maximum acceptable frequency (Hz)""","""13.200000"""
1524751899517322524,,80,,1524751899,517230090,'',,1,"""ekf_se_map","""Potentially erroneous data or settings detected for a robot_localization state estimation\","""none""",,"""X_configuration""","""2 absolute pose inputs detected for X. This may result in oscillations. Please ensure\","""Y_configuration""","""2 absolute pose inputs detected for Y. This may result in oscillations. Please ensure\",0,"""ekf_se_map",'',"""none""",,"""Events in window""","""102""","""Events since startup""","""801""","""Duration of window (s)""","""10.211301""","""Actual frequency (Hz)""","""9.988933""","""Minimum acceptable frequency (Hz)""","""7.200000""","""Maximum acceptable frequency (Hz)""","""13.200000"""
1524751900518400135,,81,,1524751900,518302178,'',,1,"""ekf_se_map","""Potentially erroneous data or settings detected for a robot_localization state estimation\","""none""",,"""X_configuration""","""2 absolute pose inputs detected for X. This may result in oscillations. Please ensure\","""Y_configuration""","""2 absolute pose inputs detected for Y. This may result in oscillations. Please ensure\",0,"""ekf_se_map",'',"""none""",,"""Events in window""","""102""","""Events since startup""","""811""","""Duration of window (s)""","""10.212235""","""Actual frequency (Hz)""","""9.988019""","""Minimum acceptable frequency (Hz)""","""7.200000""","""Maximum acceptable frequency (Hz)""","""13.200000"""
1524751901618006910,,82,,1524751901,617909749,'',,1,"""ekf_se_map","""Potentially erroneous data or settings detected for a robot_localization state estimation\","""none""",,"""X_configuration""","""2 absolute pose inputs detected for X. This may result in oscillations. Please ensure\","""Y_configuration""","""2 absolute pose inputs detected for Y. This may result in oscillations. Please ensure\",0,"""ekf_se_map",'',"""none""",,"""Events in window""","""103""","""Events since startup""","""822""","""Duration of window (s)""","""10.310843""","""Actual frequency (Hz)""","""9.989484""","""Minimum acceptable frequency (Hz)""","""7.200000""","""Maximum acceptable frequency (Hz)""","""13.200000"""
1524751902618068532,,83,,1524751902,617986140,'',,1,"""ekf_se_map","""Potentially erroneous data or settings detected for a robot_localization state estimation\","""none""",,"""X_configuration""","""2 absolute pose inputs detected for X. This may result in oscillations. Please ensure\","""Y_configuration""","""2 absolute pose inputs detected for Y. This may result in oscillations. Please ensure\",0,"""ekf_se_map",'',"""none""",,"""Events in window""","""103""","""Events since startup""","""832""","""Duration of window (s)""","""10.310679""","""Actual frequency (Hz)""","""9.989643""","""Minimum acceptable frequency (Hz)""","""7.200000""","""Maximum acceptable frequency (Hz)""","""13.200000"""
1524751903618102867,,84,,1524751903,618007133,'',,1,"""ekf_se_map","""Potentially erroneous data or settings detected for a robot_localization state estimation\","""none""",,"""X_configuration""","""2 absolute pose inputs detected for X. This may result in oscillations. Please ensure\","""Y_configuration""","""2 absolute pose inputs detected for Y. This may result in oscillations. Please ensure\",0,"""ekf_se_map",'',"""none""",,"""Events in window""","""103""","""Events since startup""","""842""","""Duration of window (s)""","""10.310119""","""Actual frequency (Hz)""","""9.990185""","""Minimum acceptable frequency (Hz)""","""7.200000""","""Maximum acceptable frequency (Hz)""","""13.200000"""
1524751904618827181,,85,,1524751904,618704677,'',,1,"""ekf_se_map","""Potentially erroneous data or settings detected for a robot_localization state estimation\","""none""",,"""X_configuration""","""2 absolute pose inputs detected for X. This may result in oscillations. Please ensure\","""Y_configuration""","""2 absolute pose inputs detected for Y. This may result in oscillations. Please ensure\",0,"""ekf_se_map",'',"""none""",,"""Events in window""","""102""","""Events since startup""","""852""","""Duration of window (s)""","""10.209502""","""Actual frequency (Hz)""","""9.990693""","""Minimum acceptable frequency (Hz)""","""7.200000""","""Maximum acceptable frequency (Hz)""","""13.200000"""
1524751905721190526,,86,,1524751905,721089860,'',,1,"""ekf_se_map","""Potentially erroneous data or settings detected for a robot_localization state estimation\","""none""",,"""X_configuration""","""2 absolute pose inputs detected for X. This may result in oscillations. Please ensure\","""Y_configuration""","""2 absolute pose inputs detected for Y. This may result in oscillations. Please ensure\",0,"""ekf_se_map",'',"""none""",,"""Events in window""","""103""","""Events since startup""","""863""","""Duration of window (s)""","""10.309957""","""Actual frequency (Hz)""","""9.990342""","""Minimum acceptable frequency (Hz)""","""7.200000""","""Maximum acceptable frequency (Hz)""","""13.200000"""
1524751906722327906,,87,,1524751906,722207147,'',,1,"""ekf_se_map","""Potentially erroneous data or settings detected for a robot_localization state estimation\","""none""",,"""X_configuration""","""2 absolute pose inputs detected for X. This may result in oscillations. Please ensure\","""Y_configuration""","""2 absolute pose inputs detected for Y. This may result in oscillations. Please ensure\",0,"""ekf_se_map",'',"""none""",,"""Events in window""","""102""","""Events since startup""","""873""","""Duration of window (s)""","""10.208478""","""Actual frequency (Hz)""","""9.991695""","""Minimum acceptable frequency (Hz)""","""7.200000""","""Maximum acceptable frequency (Hz)""","""13.200000"""
1524751907723694884,,88,,1524751907,723575693,'',,1,"""ekf_se_map","""Potentially erroneous data or settings detected for a robot_localization state estimation\","""none""",,"""X_configuration""","""2 absolute pose inputs detected for X. This may result in oscillations. Please ensure\","""Y_configuration""","""2 absolute pose inputs detected for Y. This may result in oscillations. Please ensure\",0,"""ekf_se_map",'',"""none""",,"""Events in window""","""102""","""Events since startup""","""883""","""Duration of window (s)""","""10.211384""","""Actual frequency (Hz)""","""9.988851""","""Minimum acceptable frequency (Hz)""","""7.200000""","""Maximum acceptable frequency (Hz)""","""13.200000"""
1524751908723045599,,89,,1524751908,722908403,'',,1,"""ekf_se_map","""Potentially erroneous data or settings detected for a robot_localization state estimation\","""none""",,"""X_configuration""","""2 absolute pose inputs detected for X. This may result in oscillations. Please ensure\","""Y_configuration""","""2 absolute pose inputs detected for Y. This may result in oscillations. Please ensure\",0,"""ekf_se_map",'',"""none""",,"""Events in window""","""102""","""Events since startup""","""893""","""Duration of window (s)""","""10.208273""","""Actual frequency (Hz)""","""9.991896""","""Minimum acceptable frequency (Hz)""","""7.200000""","""Maximum acceptable frequency (Hz)""","""13.200000"""
1524751909824866796,,90,,1524751909,824738335,'',,1,"""ekf_se_map","""Potentially erroneous data or settings detected for a robot_localization state estimation\","""none""",,"""X_configuration""","""2 absolute pose inputs detected for X. This may result in oscillations. Please ensure\","""Y_configuration""","""2 absolute pose inputs detected for Y. This may result in oscillations. Please ensure\",0,"""ekf_se_map",'',"""none""",,"""Events in window""","""103""","""Events since startup""","""904""","""Duration of window (s)""","""10.307507""","""Actual frequency (Hz)""","""9.992717""","""Minimum acceptable frequency (Hz)""","""7.200000""","""Maximum acceptable frequency (Hz)""","""13.200000"""
1524751910925686518,,91,,1524751910,925564638,'',,1,"""ekf_se_map","""Potentially erroneous data or settings detected for a robot_localization state estimation\","""none""",,"""X_configuration""","""2 absolute pose inputs detected for X. This may result in oscillations. Please ensure\","""Y_configuration""","""2 absolute pose inputs detected for Y. This may result in oscillations. Please ensure\",0,"""ekf_se_map",'',"""none""",,"""Events in window""","""104""","""Events since startup""","""915""","""Duration of window (s)""","""10.407263""","""Actual frequency (Hz)""","""9.993021""","""Minimum acceptable frequency (Hz)""","""7.200000""","""Maximum acceptable frequency (Hz)""","""13.200000"""
1524751911925612262,,92,,1524751911,925521260,'',,1,"""ekf_se_map","""Potentially erroneous data or settings detected for a robot_localization state estimation\","""none""",,"""X_configuration""","""2 absolute pose inputs detected for X. This may result in oscillations. Please ensure\","""Y_configuration""","""2 absolute pose inputs detected for Y. This may result in oscillations. Please ensure\",0,"""ekf_se_map",'',"""none""",,"""Events in window""","""103""","""Events since startup""","""925""","""Duration of window (s)""","""10.307601""","""Actual frequency (Hz)""","""9.992626""","""Minimum acceptable frequency (Hz)""","""7.200000""","""Maximum acceptable frequency (Hz)""","""13.200000"""
