rosbagTimestamp,header,seq,stamp,secs,nsecs,frame_id,level,name,msg,"\ instead.\n""",file,function,line,topics
1524143325068458894,,45,,1524143325,68024148,'',4,"""/ekf_se_odom""","""Transform from odom to base_link was unavailable for the time requested. Using latest\","""/home/eve/eve/eve_ws/src/robot_localization/src/ros_filter_utilities.cpp""","""RosFilterUtilities",127,"[/rosout, /diagnostics, /odometry/filtered_odom, /tf]"
1524143327071446457,,46,,1524143327,71108148,'',4,"""/ekf_se_odom""","""Transform from odom to base_link was unavailable for the time requested. Using latest\","""/home/eve/eve/eve_ws/src/robot_localization/src/ros_filter_utilities.cpp""","""RosFilterUtilities",127,"[/rosout, /diagnostics, /odometry/filtered_odom, /tf]"
1524143329073247590,,47,,1524143329,73017716,'',4,"""/ekf_se_odom""","""Transform from odom to base_link was unavailable for the time requested. Using latest\","""/home/eve/eve/eve_ws/src/robot_localization/src/ros_filter_utilities.cpp""","""RosFilterUtilities",127,"[/rosout, /diagnostics, /odometry/filtered_odom, /tf]"
1524143331080852159,,48,,1524143331,80418666,'',4,"""/ekf_se_odom""","""Transform from odom to base_link was unavailable for the time requested. Using latest\","""/home/eve/eve/eve_ws/src/robot_localization/src/ros_filter_utilities.cpp""","""RosFilterUtilities",127,"[/rosout, /diagnostics, /odometry/filtered_odom, /tf]"
1524143333081880972,,49,,1524143333,81460992,'',4,"""/ekf_se_odom""","""Transform from odom to base_link was unavailable for the time requested. Using latest\","""/home/eve/eve/eve_ws/src/robot_localization/src/ros_filter_utilities.cpp""","""RosFilterUtilities",127,"[/rosout, /diagnostics, /odometry/filtered_odom, /tf]"
1524143335085015412,,50,,1524143335,84626003,'',4,"""/ekf_se_odom""","""Transform from odom to base_link was unavailable for the time requested. Using latest\","""/home/eve/eve/eve_ws/src/robot_localization/src/ros_filter_utilities.cpp""","""RosFilterUtilities",127,"[/rosout, /diagnostics, /odometry/filtered_odom, /tf]"
1524143337088774465,,51,,1524143337,88378714,'',4,"""/ekf_se_odom""","""Transform from odom to base_link was unavailable for the time requested. Using latest\","""/home/eve/eve/eve_ws/src/robot_localization/src/ros_filter_utilities.cpp""","""RosFilterUtilities",127,"[/rosout, /diagnostics, /odometry/filtered_odom, /tf]"
1524143339092563921,,52,,1524143339,92168345,'',4,"""/ekf_se_odom""","""Transform from odom to base_link was unavailable for the time requested. Using latest\","""/home/eve/eve/eve_ws/src/robot_localization/src/ros_filter_utilities.cpp""","""RosFilterUtilities",127,"[/rosout, /diagnostics, /odometry/filtered_odom, /tf]"
1524143341095366186,,53,,1524143341,95089108,'',4,"""/ekf_se_odom""","""Transform from odom to base_link was unavailable for the time requested. Using latest\","""/home/eve/eve/eve_ws/src/robot_localization/src/ros_filter_utilities.cpp""","""RosFilterUtilities",127,"[/rosout, /diagnostics, /odometry/filtered_odom, /tf]"
1524143343098241520,,54,,1524143343,97977499,'',4,"""/ekf_se_odom""","""Transform from odom to base_link was unavailable for the time requested. Using latest\","""/home/eve/eve/eve_ws/src/robot_localization/src/ros_filter_utilities.cpp""","""RosFilterUtilities",127,"[/rosout, /diagnostics, /odometry/filtered_odom, /tf]"
1524143345103151040,,55,,1524143345,102952351,'',4,"""/ekf_se_odom""","""Transform from odom to base_link was unavailable for the time requested. Using latest\","""/home/eve/eve/eve_ws/src/robot_localization/src/ros_filter_utilities.cpp""","""RosFilterUtilities",127,"[/rosout, /diagnostics, /odometry/filtered_odom, /tf]"
1524143347106152461,,56,,1524143347,105812364,'',4,"""/ekf_se_odom""","""Transform from odom to base_link was unavailable for the time requested. Using latest\","""/home/eve/eve/eve_ws/src/robot_localization/src/ros_filter_utilities.cpp""","""RosFilterUtilities",127,"[/rosout, /diagnostics, /odometry/filtered_odom, /tf]"
1524143349107832248,,57,,1524143349,107591558,'',4,"""/ekf_se_odom""","""Transform from odom to base_link was unavailable for the time requested. Using latest\","""/home/eve/eve/eve_ws/src/robot_localization/src/ros_filter_utilities.cpp""","""RosFilterUtilities",127,"[/rosout, /diagnostics, /odometry/filtered_odom, /tf]"
1524143351110402648,,58,,1524143351,110144793,'',4,"""/ekf_se_odom""","""Transform from odom to base_link was unavailable for the time requested. Using latest\","""/home/eve/eve/eve_ws/src/robot_localization/src/ros_filter_utilities.cpp""","""RosFilterUtilities",127,"[/rosout, /diagnostics, /odometry/filtered_odom, /tf]"
1524143353112778785,,59,,1524143353,112595051,'',4,"""/ekf_se_odom""","""Transform from odom to base_link was unavailable for the time requested. Using latest\","""/home/eve/eve/eve_ws/src/robot_localization/src/ros_filter_utilities.cpp""","""RosFilterUtilities",127,"[/rosout, /diagnostics, /odometry/filtered_odom, /tf]"
1524143355116807646,,60,,1524143355,116631515,'',4,"""/ekf_se_odom""","""Transform from odom to base_link was unavailable for the time requested. Using latest\","""/home/eve/eve/eve_ws/src/robot_localization/src/ros_filter_utilities.cpp""","""RosFilterUtilities",127,"[/rosout, /diagnostics, /odometry/filtered_odom, /tf]"
1524143357118243860,,61,,1524143357,118066237,'',4,"""/ekf_se_odom""","""Transform from odom to base_link was unavailable for the time requested. Using latest\","""/home/eve/eve/eve_ws/src/robot_localization/src/ros_filter_utilities.cpp""","""RosFilterUtilities",127,"[/rosout, /diagnostics, /odometry/filtered_odom, /tf]"
1524143359121234667,,62,,1524143359,121028873,'',4,"""/ekf_se_odom""","""Transform from odom to base_link was unavailable for the time requested. Using latest\","""/home/eve/eve/eve_ws/src/robot_localization/src/ros_filter_utilities.cpp""","""RosFilterUtilities",127,"[/rosout, /diagnostics, /odometry/filtered_odom, /tf]"
1524143361124468997,,63,,1524143361,124198470,'',4,"""/ekf_se_odom""","""Transform from odom to base_link was unavailable for the time requested. Using latest\","""/home/eve/eve/eve_ws/src/robot_localization/src/ros_filter_utilities.cpp""","""RosFilterUtilities",127,"[/rosout, /diagnostics, /odometry/filtered_odom, /tf]"
1524143363127926554,,64,,1524143363,127642760,'',4,"""/ekf_se_odom""","""Transform from odom to base_link was unavailable for the time requested. Using latest\","""/home/eve/eve/eve_ws/src/robot_localization/src/ros_filter_utilities.cpp""","""RosFilterUtilities",127,"[/rosout, /diagnostics, /odometry/filtered_odom, /tf]"
1524143365131841827,,65,,1524143365,131602278,'',4,"""/ekf_se_odom""","""Transform from odom to base_link was unavailable for the time requested. Using latest\","""/home/eve/eve/eve_ws/src/robot_localization/src/ros_filter_utilities.cpp""","""RosFilterUtilities",127,"[/rosout, /diagnostics, /odometry/filtered_odom, /tf]"
1524143367136030564,,66,,1524143367,135747104,'',4,"""/ekf_se_odom""","""Transform from odom to base_link was unavailable for the time requested. Using latest\","""/home/eve/eve/eve_ws/src/robot_localization/src/ros_filter_utilities.cpp""","""RosFilterUtilities",127,"[/rosout, /diagnostics, /odometry/filtered_odom, /tf]"
1524143369140482751,,67,,1524143369,140125868,'',4,"""/ekf_se_odom""","""Transform from odom to base_link was unavailable for the time requested. Using latest\","""/home/eve/eve/eve_ws/src/robot_localization/src/ros_filter_utilities.cpp""","""RosFilterUtilities",127,"[/rosout, /diagnostics, /odometry/filtered_odom, /tf]"
1524143371144683055,,68,,1524143371,144325286,'',4,"""/ekf_se_odom""","""Transform from odom to base_link was unavailable for the time requested. Using latest\","""/home/eve/eve/eve_ws/src/robot_localization/src/ros_filter_utilities.cpp""","""RosFilterUtilities",127,"[/rosout, /diagnostics, /odometry/filtered_odom, /tf]"
1524143373148904205,,69,,1524143373,148548271,'',4,"""/ekf_se_odom""","""Transform from odom to base_link was unavailable for the time requested. Using latest\","""/home/eve/eve/eve_ws/src/robot_localization/src/ros_filter_utilities.cpp""","""RosFilterUtilities",127,"[/rosout, /diagnostics, /odometry/filtered_odom, /tf]"
1524143375153479867,,70,,1524143375,153246666,'',4,"""/ekf_se_odom""","""Transform from odom to base_link was unavailable for the time requested. Using latest\","""/home/eve/eve/eve_ws/src/robot_localization/src/ros_filter_utilities.cpp""","""RosFilterUtilities",127,"[/rosout, /diagnostics, /odometry/filtered_odom, /tf]"
1524143377155987329,,71,,1524143377,155763000,'',4,"""/ekf_se_odom""","""Transform from odom to base_link was unavailable for the time requested. Using latest\","""/home/eve/eve/eve_ws/src/robot_localization/src/ros_filter_utilities.cpp""","""RosFilterUtilities",127,"[/rosout, /diagnostics, /odometry/filtered_odom, /tf]"
1524143379158100312,,72,,1524143379,157924405,'',4,"""/ekf_se_odom""","""Transform from odom to base_link was unavailable for the time requested. Using latest\","""/home/eve/eve/eve_ws/src/robot_localization/src/ros_filter_utilities.cpp""","""RosFilterUtilities",127,"[/rosout, /diagnostics, /odometry/filtered_odom, /tf]"
1524143381161572317,,73,,1524143381,161302224,'',4,"""/ekf_se_odom""","""Transform from odom to base_link was unavailable for the time requested. Using latest\","""/home/eve/eve/eve_ws/src/robot_localization/src/ros_filter_utilities.cpp""","""RosFilterUtilities",127,"[/rosout, /diagnostics, /odometry/filtered_odom, /tf]"
1524143383164644521,,74,,1524143383,164320730,'',4,"""/ekf_se_odom""","""Transform from odom to base_link was unavailable for the time requested. Using latest\","""/home/eve/eve/eve_ws/src/robot_localization/src/ros_filter_utilities.cpp""","""RosFilterUtilities",127,"[/rosout, /diagnostics, /odometry/filtered_odom, /tf]"
1524143385167875852,,75,,1524143385,167450930,'',4,"""/ekf_se_odom""","""Transform from odom to base_link was unavailable for the time requested. Using latest\","""/home/eve/eve/eve_ws/src/robot_localization/src/ros_filter_utilities.cpp""","""RosFilterUtilities",127,"[/rosout, /diagnostics, /odometry/filtered_odom, /tf]"
1524143387170640124,,76,,1524143387,170354677,'',4,"""/ekf_se_odom""","""Transform from odom to base_link was unavailable for the time requested. Using latest\","""/home/eve/eve/eve_ws/src/robot_localization/src/ros_filter_utilities.cpp""","""RosFilterUtilities",127,"[/rosout, /diagnostics, /odometry/filtered_odom, /tf]"
1524143389173905659,,77,,1524143389,173584199,'',4,"""/ekf_se_odom""","""Transform from odom to base_link was unavailable for the time requested. Using latest\","""/home/eve/eve/eve_ws/src/robot_localization/src/ros_filter_utilities.cpp""","""RosFilterUtilities",127,"[/rosout, /diagnostics, /odometry/filtered_odom, /tf]"
1524143391177249024,,78,,1524143391,176892617,'',4,"""/ekf_se_odom""","""Transform from odom to base_link was unavailable for the time requested. Using latest\","""/home/eve/eve/eve_ws/src/robot_localization/src/ros_filter_utilities.cpp""","""RosFilterUtilities",127,"[/rosout, /diagnostics, /odometry/filtered_odom, /tf]"
1524143393179783375,,79,,1524143393,179514748,'',4,"""/ekf_se_odom""","""Transform from odom to base_link was unavailable for the time requested. Using latest\","""/home/eve/eve/eve_ws/src/robot_localization/src/ros_filter_utilities.cpp""","""RosFilterUtilities",127,"[/rosout, /diagnostics, /odometry/filtered_odom, /tf]"
1524143395183512821,,80,,1524143395,183131833,'',4,"""/ekf_se_odom""","""Transform from odom to base_link was unavailable for the time requested. Using latest\","""/home/eve/eve/eve_ws/src/robot_localization/src/ros_filter_utilities.cpp""","""RosFilterUtilities",127,"[/rosout, /diagnostics, /odometry/filtered_odom, /tf]"
1524143397186099501,,81,,1524143397,185819706,'',4,"""/ekf_se_odom""","""Transform from odom to base_link was unavailable for the time requested. Using latest\","""/home/eve/eve/eve_ws/src/robot_localization/src/ros_filter_utilities.cpp""","""RosFilterUtilities",127,"[/rosout, /diagnostics, /odometry/filtered_odom, /tf]"
1524143399189636483,,82,,1524143399,189300255,'',4,"""/ekf_se_odom""","""Transform from odom to base_link was unavailable for the time requested. Using latest\","""/home/eve/eve/eve_ws/src/robot_localization/src/ros_filter_utilities.cpp""","""RosFilterUtilities",127,"[/rosout, /diagnostics, /odometry/filtered_odom, /tf]"
1524143401194267406,,83,,1524143401,193836281,'',4,"""/ekf_se_odom""","""Transform from odom to base_link was unavailable for the time requested. Using latest\","""/home/eve/eve/eve_ws/src/robot_localization/src/ros_filter_utilities.cpp""","""RosFilterUtilities",127,"[/rosout, /diagnostics, /odometry/filtered_odom, /tf]"
1524143403197533146,,84,,1524143403,197205157,'',4,"""/ekf_se_odom""","""Transform from odom to base_link was unavailable for the time requested. Using latest\","""/home/eve/eve/eve_ws/src/robot_localization/src/ros_filter_utilities.cpp""","""RosFilterUtilities",127,"[/rosout, /diagnostics, /odometry/filtered_odom, /tf]"
1524143405202537350,,85,,1524143405,202243984,'',4,"""/ekf_se_odom""","""Transform from odom to base_link was unavailable for the time requested. Using latest\","""/home/eve/eve/eve_ws/src/robot_localization/src/ros_filter_utilities.cpp""","""RosFilterUtilities",127,"[/rosout, /diagnostics, /odometry/filtered_odom, /tf]"
1524143407203953818,,86,,1524143407,203778207,'',4,"""/ekf_se_odom""","""Transform from odom to base_link was unavailable for the time requested. Using latest\","""/home/eve/eve/eve_ws/src/robot_localization/src/ros_filter_utilities.cpp""","""RosFilterUtilities",127,"[/rosout, /diagnostics, /odometry/filtered_odom, /tf]"
1524143409207615130,,87,,1524143409,207292940,'',4,"""/ekf_se_odom""","""Transform from odom to base_link was unavailable for the time requested. Using latest\","""/home/eve/eve/eve_ws/src/robot_localization/src/ros_filter_utilities.cpp""","""RosFilterUtilities",127,"[/rosout, /diagnostics, /odometry/filtered_odom, /tf]"
1524143411209340629,,88,,1524143411,208985087,'',4,"""/ekf_se_odom""","""Transform from odom to base_link was unavailable for the time requested. Using latest\","""/home/eve/eve/eve_ws/src/robot_localization/src/ros_filter_utilities.cpp""","""RosFilterUtilities",127,"[/rosout, /diagnostics, /odometry/filtered_odom, /tf]"
1524143413212781856,,89,,1524143413,212495236,'',4,"""/ekf_se_odom""","""Transform from odom to base_link was unavailable for the time requested. Using latest\","""/home/eve/eve/eve_ws/src/robot_localization/src/ros_filter_utilities.cpp""","""RosFilterUtilities",127,"[/rosout, /diagnostics, /odometry/filtered_odom, /tf]"
1524143415245206650,,90,,1524143415,244839233,'',4,"""/ekf_se_odom""","""Transform from odom to base_link was unavailable for the time requested. Using latest\","""/home/eve/eve/eve_ws/src/robot_localization/src/ros_filter_utilities.cpp""","""RosFilterUtilities",127,"[/rosout, /diagnostics, /odometry/filtered_odom, /tf]"
1524143417249256236,,91,,1524143417,248912278,'',4,"""/ekf_se_odom""","""Transform from odom to base_link was unavailable for the time requested. Using latest\","""/home/eve/eve/eve_ws/src/robot_localization/src/ros_filter_utilities.cpp""","""RosFilterUtilities",127,"[/rosout, /diagnostics, /odometry/filtered_odom, /tf]"
1524143419252994540,,92,,1524143419,252777032,'',4,"""/ekf_se_odom""","""Transform from odom to base_link was unavailable for the time requested. Using latest\","""/home/eve/eve/eve_ws/src/robot_localization/src/ros_filter_utilities.cpp""","""RosFilterUtilities",127,"[/rosout, /diagnostics, /odometry/filtered_odom, /tf]"
1524143421255063580,,93,,1524143421,254771052,'',4,"""/ekf_se_odom""","""Transform from odom to base_link was unavailable for the time requested. Using latest\","""/home/eve/eve/eve_ws/src/robot_localization/src/ros_filter_utilities.cpp""","""RosFilterUtilities",127,"[/rosout, /diagnostics, /odometry/filtered_odom, /tf]"
1524143423258472180,,94,,1524143423,258193313,'',4,"""/ekf_se_odom""","""Transform from odom to base_link was unavailable for the time requested. Using latest\","""/home/eve/eve/eve_ws/src/robot_localization/src/ros_filter_utilities.cpp""","""RosFilterUtilities",127,"[/rosout, /diagnostics, /odometry/filtered_odom, /tf]"
1524143425261236823,,95,,1524143425,260928227,'',4,"""/ekf_se_odom""","""Transform from odom to base_link was unavailable for the time requested. Using latest\","""/home/eve/eve/eve_ws/src/robot_localization/src/ros_filter_utilities.cpp""","""RosFilterUtilities",127,"[/rosout, /diagnostics, /odometry/filtered_odom, /tf]"
1524143427263770745,,96,,1524143427,263476696,'',4,"""/ekf_se_odom""","""Transform from odom to base_link was unavailable for the time requested. Using latest\","""/home/eve/eve/eve_ws/src/robot_localization/src/ros_filter_utilities.cpp""","""RosFilterUtilities",127,"[/rosout, /diagnostics, /odometry/filtered_odom, /tf]"
1524143429267467999,,97,,1524143429,267066993,'',4,"""/ekf_se_odom""","""Transform from odom to base_link was unavailable for the time requested. Using latest\","""/home/eve/eve/eve_ws/src/robot_localization/src/ros_filter_utilities.cpp""","""RosFilterUtilities",127,"[/rosout, /diagnostics, /odometry/filtered_odom, /tf]"
1524143431268619419,,98,,1524143431,268393661,'',4,"""/ekf_se_odom""","""Transform from odom to base_link was unavailable for the time requested. Using latest\","""/home/eve/eve/eve_ws/src/robot_localization/src/ros_filter_utilities.cpp""","""RosFilterUtilities",127,"[/rosout, /diagnostics, /odometry/filtered_odom, /tf]"
1524143433272122008,,99,,1524143433,271850404,'',4,"""/ekf_se_odom""","""Transform from odom to base_link was unavailable for the time requested. Using latest\","""/home/eve/eve/eve_ws/src/robot_localization/src/ros_filter_utilities.cpp""","""RosFilterUtilities",127,"[/rosout, /diagnostics, /odometry/filtered_odom, /tf]"
1524143435275129505,,100,,1524143435,274801062,'',4,"""/ekf_se_odom""","""Transform from odom to base_link was unavailable for the time requested. Using latest\","""/home/eve/eve/eve_ws/src/robot_localization/src/ros_filter_utilities.cpp""","""RosFilterUtilities",127,"[/rosout, /diagnostics, /odometry/filtered_odom, /tf]"
1524143437279346311,,101,,1524143437,278994615,'',4,"""/ekf_se_odom""","""Transform from odom to base_link was unavailable for the time requested. Using latest\","""/home/eve/eve/eve_ws/src/robot_localization/src/ros_filter_utilities.cpp""","""RosFilterUtilities",127,"[/rosout, /diagnostics, /odometry/filtered_odom, /tf]"
1524143439281806343,,102,,1524143439,281488984,'',4,"""/ekf_se_odom""","""Transform from odom to base_link was unavailable for the time requested. Using latest\","""/home/eve/eve/eve_ws/src/robot_localization/src/ros_filter_utilities.cpp""","""RosFilterUtilities",127,"[/rosout, /diagnostics, /odometry/filtered_odom, /tf]"
1524143441285914442,,103,,1524143441,285485938,'',4,"""/ekf_se_odom""","""Transform from odom to base_link was unavailable for the time requested. Using latest\","""/home/eve/eve/eve_ws/src/robot_localization/src/ros_filter_utilities.cpp""","""RosFilterUtilities",127,"[/rosout, /diagnostics, /odometry/filtered_odom, /tf]"
1524143443289519165,,104,,1524143443,289209871,'',4,"""/ekf_se_odom""","""Transform from odom to base_link was unavailable for the time requested. Using latest\","""/home/eve/eve/eve_ws/src/robot_localization/src/ros_filter_utilities.cpp""","""RosFilterUtilities",127,"[/rosout, /diagnostics, /odometry/filtered_odom, /tf]"
1524143444406048358,,105,,1524143444,405820699,'',4,"""/ekf_se_odom""","""Failed to meet update rate! Took 0.06692935099999999804 seconds. Try decreasing the\","""/home/eve/eve/eve_ws/src/robot_localization/src/ros_filter.cpp""","""RosFilter<T>",1933,"[/rosout, /diagnostics, /odometry/filtered_odom, /tf]"
1524143445311176832,,106,,1524143445,310824198,'',4,"""/ekf_se_odom""","""Transform from odom to base_link was unavailable for the time requested. Using latest\","""/home/eve/eve/eve_ws/src/robot_localization/src/ros_filter_utilities.cpp""","""RosFilterUtilities",127,"[/rosout, /diagnostics, /odometry/filtered_odom, /tf]"
1524143447312789574,,107,,1524143447,312479454,'',4,"""/ekf_se_odom""","""Transform from odom to base_link was unavailable for the time requested. Using latest\","""/home/eve/eve/eve_ws/src/robot_localization/src/ros_filter_utilities.cpp""","""RosFilterUtilities",127,"[/rosout, /diagnostics, /odometry/filtered_odom, /tf]"
1524143449317306218,,108,,1524143449,316800727,'',4,"""/ekf_se_odom""","""Transform from odom to base_link was unavailable for the time requested. Using latest\","""/home/eve/eve/eve_ws/src/robot_localization/src/ros_filter_utilities.cpp""","""RosFilterUtilities",127,"[/rosout, /diagnostics, /odometry/filtered_odom, /tf]"
1524143451320221404,,109,,1524143451,319825991,'',4,"""/ekf_se_odom""","""Transform from odom to base_link was unavailable for the time requested. Using latest\","""/home/eve/eve/eve_ws/src/robot_localization/src/ros_filter_utilities.cpp""","""RosFilterUtilities",127,"[/rosout, /diagnostics, /odometry/filtered_odom, /tf]"
1524143453323316582,,110,,1524143453,322911215,'',4,"""/ekf_se_odom""","""Transform from odom to base_link was unavailable for the time requested. Using latest\","""/home/eve/eve/eve_ws/src/robot_localization/src/ros_filter_utilities.cpp""","""RosFilterUtilities",127,"[/rosout, /diagnostics, /odometry/filtered_odom, /tf]"
1524143455326101699,,111,,1524143455,325698920,'',4,"""/ekf_se_odom""","""Transform from odom to base_link was unavailable for the time requested. Using latest\","""/home/eve/eve/eve_ws/src/robot_localization/src/ros_filter_utilities.cpp""","""RosFilterUtilities",127,"[/rosout, /diagnostics, /odometry/filtered_odom, /tf]"
1524143457329781862,,112,,1524143457,329273959,'',4,"""/ekf_se_odom""","""Transform from odom to base_link was unavailable for the time requested. Using latest\","""/home/eve/eve/eve_ws/src/robot_localization/src/ros_filter_utilities.cpp""","""RosFilterUtilities",127,"[/rosout, /diagnostics, /odometry/filtered_odom, /tf]"
1524143459331787708,,113,,1524143459,331454944,'',4,"""/ekf_se_odom""","""Transform from odom to base_link was unavailable for the time requested. Using latest\","""/home/eve/eve/eve_ws/src/robot_localization/src/ros_filter_utilities.cpp""","""RosFilterUtilities",127,"[/rosout, /diagnostics, /odometry/filtered_odom, /tf]"
1524143461335734244,,114,,1524143461,335321224,'',4,"""/ekf_se_odom""","""Transform from odom to base_link was unavailable for the time requested. Using latest\","""/home/eve/eve/eve_ws/src/robot_localization/src/ros_filter_utilities.cpp""","""RosFilterUtilities",127,"[/rosout, /diagnostics, /odometry/filtered_odom, /tf]"
1524143463339377365,,115,,1524143463,339127533,'',4,"""/ekf_se_odom""","""Transform from odom to base_link was unavailable for the time requested. Using latest\","""/home/eve/eve/eve_ws/src/robot_localization/src/ros_filter_utilities.cpp""","""RosFilterUtilities",127,"[/rosout, /diagnostics, /odometry/filtered_odom, /tf]"
1524143465340547466,,116,,1524143465,340314381,'',4,"""/ekf_se_odom""","""Transform from odom to base_link was unavailable for the time requested. Using latest\","""/home/eve/eve/eve_ws/src/robot_localization/src/ros_filter_utilities.cpp""","""RosFilterUtilities",127,"[/rosout, /diagnostics, /odometry/filtered_odom, /tf]"
1524143467345400246,,117,,1524143467,344967967,'',4,"""/ekf_se_odom""","""Transform from odom to base_link was unavailable for the time requested. Using latest\","""/home/eve/eve/eve_ws/src/robot_localization/src/ros_filter_utilities.cpp""","""RosFilterUtilities",127,"[/rosout, /diagnostics, /odometry/filtered_odom, /tf]"
1524143469348781433,,118,,1524143469,348352836,'',4,"""/ekf_se_odom""","""Transform from odom to base_link was unavailable for the time requested. Using latest\","""/home/eve/eve/eve_ws/src/robot_localization/src/ros_filter_utilities.cpp""","""RosFilterUtilities",127,"[/rosout, /diagnostics, /odometry/filtered_odom, /tf]"
1524143471352659940,,119,,1524143471,352449317,'',4,"""/ekf_se_odom""","""Transform from odom to base_link was unavailable for the time requested. Using latest\","""/home/eve/eve/eve_ws/src/robot_localization/src/ros_filter_utilities.cpp""","""RosFilterUtilities",127,"[/rosout, /diagnostics, /odometry/filtered_odom, /tf]"
1524143473353982921,,120,,1524143473,353780097,'',4,"""/ekf_se_odom""","""Transform from odom to base_link was unavailable for the time requested. Using latest\","""/home/eve/eve/eve_ws/src/robot_localization/src/ros_filter_utilities.cpp""","""RosFilterUtilities",127,"[/rosout, /diagnostics, /odometry/filtered_odom, /tf]"
1524143475195915192,,121,,1524143475,195660784,'',4,"""/ekf_se_odom""","""Failed to meet update rate! Took 0.14149939000000000267 seconds. Try decreasing the\","""/home/eve/eve/eve_ws/src/robot_localization/src/ros_filter.cpp""","""RosFilter<T>",1933,"[/rosout, /diagnostics, /odometry/filtered_odom, /tf]"
1524143475398272514,,122,,1524143475,398013347,'',4,"""/ekf_se_odom""","""Transform from odom to base_link was unavailable for the time requested. Using latest\","""/home/eve/eve/eve_ws/src/robot_localization/src/ros_filter_utilities.cpp""","""RosFilterUtilities",127,"[/rosout, /diagnostics, /odometry/filtered_odom, /tf]"
1524143477402027211,,123,,1524143477,401866661,'',4,"""/ekf_se_odom""","""Transform from odom to base_link was unavailable for the time requested. Using latest\","""/home/eve/eve/eve_ws/src/robot_localization/src/ros_filter_utilities.cpp""","""RosFilterUtilities",127,"[/rosout, /diagnostics, /odometry/filtered_odom, /tf]"
1524143479405314848,,124,,1524143479,405023862,'',4,"""/ekf_se_odom""","""Transform from odom to base_link was unavailable for the time requested. Using latest\","""/home/eve/eve/eve_ws/src/robot_localization/src/ros_filter_utilities.cpp""","""RosFilterUtilities",127,"[/rosout, /diagnostics, /odometry/filtered_odom, /tf]"
1524143481408044253,,125,,1524143481,407730201,'',4,"""/ekf_se_odom""","""Transform from odom to base_link was unavailable for the time requested. Using latest\","""/home/eve/eve/eve_ws/src/robot_localization/src/ros_filter_utilities.cpp""","""RosFilterUtilities",127,"[/rosout, /diagnostics, /odometry/filtered_odom, /tf]"
1524143483410634785,,126,,1524143483,410382287,'',4,"""/ekf_se_odom""","""Transform from odom to base_link was unavailable for the time requested. Using latest\","""/home/eve/eve/eve_ws/src/robot_localization/src/ros_filter_utilities.cpp""","""RosFilterUtilities",127,"[/rosout, /diagnostics, /odometry/filtered_odom, /tf]"
1524143485413045255,,127,,1524143485,412767890,'',4,"""/ekf_se_odom""","""Transform from odom to base_link was unavailable for the time requested. Using latest\","""/home/eve/eve/eve_ws/src/robot_localization/src/ros_filter_utilities.cpp""","""RosFilterUtilities",127,"[/rosout, /diagnostics, /odometry/filtered_odom, /tf]"
1524143487417932581,,128,,1524143487,417442052,'',4,"""/ekf_se_odom""","""Transform from odom to base_link was unavailable for the time requested. Using latest\","""/home/eve/eve/eve_ws/src/robot_localization/src/ros_filter_utilities.cpp""","""RosFilterUtilities",127,"[/rosout, /diagnostics, /odometry/filtered_odom, /tf]"
1524143489420444261,,129,,1524143489,420042426,'',4,"""/ekf_se_odom""","""Transform from odom to base_link was unavailable for the time requested. Using latest\","""/home/eve/eve/eve_ws/src/robot_localization/src/ros_filter_utilities.cpp""","""RosFilterUtilities",127,"[/rosout, /diagnostics, /odometry/filtered_odom, /tf]"
1524143491423455715,,130,,1524143491,423099550,'',4,"""/ekf_se_odom""","""Transform from odom to base_link was unavailable for the time requested. Using latest\","""/home/eve/eve/eve_ws/src/robot_localization/src/ros_filter_utilities.cpp""","""RosFilterUtilities",127,"[/rosout, /diagnostics, /odometry/filtered_odom, /tf]"
1524143493427135652,,131,,1524143493,426687099,'',4,"""/ekf_se_odom""","""Transform from odom to base_link was unavailable for the time requested. Using latest\","""/home/eve/eve/eve_ws/src/robot_localization/src/ros_filter_utilities.cpp""","""RosFilterUtilities",127,"[/rosout, /diagnostics, /odometry/filtered_odom, /tf]"
1524143495429769947,,132,,1524143495,429352768,'',4,"""/ekf_se_odom""","""Transform from odom to base_link was unavailable for the time requested. Using latest\","""/home/eve/eve/eve_ws/src/robot_localization/src/ros_filter_utilities.cpp""","""RosFilterUtilities",127,"[/rosout, /diagnostics, /odometry/filtered_odom, /tf]"
1524143497433204094,,133,,1524143497,432802103,'',4,"""/ekf_se_odom""","""Transform from odom to base_link was unavailable for the time requested. Using latest\","""/home/eve/eve/eve_ws/src/robot_localization/src/ros_filter_utilities.cpp""","""RosFilterUtilities",127,"[/rosout, /diagnostics, /odometry/filtered_odom, /tf]"
1524143499437178431,,134,,1524143499,436723897,'',4,"""/ekf_se_odom""","""Transform from odom to base_link was unavailable for the time requested. Using latest\","""/home/eve/eve/eve_ws/src/robot_localization/src/ros_filter_utilities.cpp""","""RosFilterUtilities",127,"[/rosout, /diagnostics, /odometry/filtered_odom, /tf]"
1524143501441186064,,135,,1524143501,440752738,'',4,"""/ekf_se_odom""","""Transform from odom to base_link was unavailable for the time requested. Using latest\","""/home/eve/eve/eve_ws/src/robot_localization/src/ros_filter_utilities.cpp""","""RosFilterUtilities",127,"[/rosout, /diagnostics, /odometry/filtered_odom, /tf]"
1524143503444909029,,136,,1524143503,444479174,'',4,"""/ekf_se_odom""","""Transform from odom to base_link was unavailable for the time requested. Using latest\","""/home/eve/eve/eve_ws/src/robot_localization/src/ros_filter_utilities.cpp""","""RosFilterUtilities",127,"[/rosout, /diagnostics, /odometry/filtered_odom, /tf]"
1524143505449145237,,137,,1524143505,448725533,'',4,"""/ekf_se_odom""","""Transform from odom to base_link was unavailable for the time requested. Using latest\","""/home/eve/eve/eve_ws/src/robot_localization/src/ros_filter_utilities.cpp""","""RosFilterUtilities",127,"[/rosout, /diagnostics, /odometry/filtered_odom, /tf]"
1524143507454367324,,138,,1524143507,454012367,'',4,"""/ekf_se_odom""","""Transform from odom to base_link was unavailable for the time requested. Using latest\","""/home/eve/eve/eve_ws/src/robot_localization/src/ros_filter_utilities.cpp""","""RosFilterUtilities",127,"[/rosout, /diagnostics, /odometry/filtered_odom, /tf]"
1524143509455054885,,139,,1524143509,454668057,'',4,"""/ekf_se_odom""","""Transform from odom to base_link was unavailable for the time requested. Using latest\","""/home/eve/eve/eve_ws/src/robot_localization/src/ros_filter_utilities.cpp""","""RosFilterUtilities",127,"[/rosout, /diagnostics, /odometry/filtered_odom, /tf]"
1524143511459471835,,140,,1524143511,459039666,'',4,"""/ekf_se_odom""","""Transform from odom to base_link was unavailable for the time requested. Using latest\","""/home/eve/eve/eve_ws/src/robot_localization/src/ros_filter_utilities.cpp""","""RosFilterUtilities",127,"[/rosout, /diagnostics, /odometry/filtered_odom, /tf]"
1524143513462693953,,141,,1524143513,462215765,'',4,"""/ekf_se_odom""","""Transform from odom to base_link was unavailable for the time requested. Using latest\","""/home/eve/eve/eve_ws/src/robot_localization/src/ros_filter_utilities.cpp""","""RosFilterUtilities",127,"[/rosout, /diagnostics, /odometry/filtered_odom, /tf]"
1524143515464652343,,142,,1524143515,464290963,'',4,"""/ekf_se_odom""","""Transform from odom to base_link was unavailable for the time requested. Using latest\","""/home/eve/eve/eve_ws/src/robot_localization/src/ros_filter_utilities.cpp""","""RosFilterUtilities",127,"[/rosout, /diagnostics, /odometry/filtered_odom, /tf]"
1524143517467533657,,143,,1524143517,467172022,'',4,"""/ekf_se_odom""","""Transform from odom to base_link was unavailable for the time requested. Using latest\","""/home/eve/eve/eve_ws/src/robot_localization/src/ros_filter_utilities.cpp""","""RosFilterUtilities",127,"[/rosout, /diagnostics, /odometry/filtered_odom, /tf]"
1524143519471055339,,144,,1524143519,470711991,'',4,"""/ekf_se_odom""","""Transform from odom to base_link was unavailable for the time requested. Using latest\","""/home/eve/eve/eve_ws/src/robot_localization/src/ros_filter_utilities.cpp""","""RosFilterUtilities",127,"[/rosout, /diagnostics, /odometry/filtered_odom, /tf]"
1524143521474212615,,145,,1524143521,473867846,'',4,"""/ekf_se_odom""","""Transform from odom to base_link was unavailable for the time requested. Using latest\","""/home/eve/eve/eve_ws/src/robot_localization/src/ros_filter_utilities.cpp""","""RosFilterUtilities",127,"[/rosout, /diagnostics, /odometry/filtered_odom, /tf]"
1524143523478588984,,146,,1524143523,478184235,'',4,"""/ekf_se_odom""","""Transform from odom to base_link was unavailable for the time requested. Using latest\","""/home/eve/eve/eve_ws/src/robot_localization/src/ros_filter_utilities.cpp""","""RosFilterUtilities",127,"[/rosout, /diagnostics, /odometry/filtered_odom, /tf]"
1524143525481520798,,147,,1524143525,481196151,'',4,"""/ekf_se_odom""","""Transform from odom to base_link was unavailable for the time requested. Using latest\","""/home/eve/eve/eve_ws/src/robot_localization/src/ros_filter_utilities.cpp""","""RosFilterUtilities",127,"[/rosout, /diagnostics, /odometry/filtered_odom, /tf]"
1524143527485373258,,148,,1524143527,485032664,'',4,"""/ekf_se_odom""","""Transform from odom to base_link was unavailable for the time requested. Using latest\","""/home/eve/eve/eve_ws/src/robot_localization/src/ros_filter_utilities.cpp""","""RosFilterUtilities",127,"[/rosout, /diagnostics, /odometry/filtered_odom, /tf]"
1524143529488929154,,149,,1524143529,488539424,'',4,"""/ekf_se_odom""","""Transform from odom to base_link was unavailable for the time requested. Using latest\","""/home/eve/eve/eve_ws/src/robot_localization/src/ros_filter_utilities.cpp""","""RosFilterUtilities",127,"[/rosout, /diagnostics, /odometry/filtered_odom, /tf]"
1524143531493116156,,150,,1524143531,492694891,'',4,"""/ekf_se_odom""","""Transform from odom to base_link was unavailable for the time requested. Using latest\","""/home/eve/eve/eve_ws/src/robot_localization/src/ros_filter_utilities.cpp""","""RosFilterUtilities",127,"[/rosout, /diagnostics, /odometry/filtered_odom, /tf]"
1524143533495929376,,151,,1524143533,495682994,'',4,"""/ekf_se_odom""","""Transform from odom to base_link was unavailable for the time requested. Using latest\","""/home/eve/eve/eve_ws/src/robot_localization/src/ros_filter_utilities.cpp""","""RosFilterUtilities",127,"[/rosout, /diagnostics, /odometry/filtered_odom, /tf]"
1524143535500026453,,152,,1524143535,499792157,'',4,"""/ekf_se_odom""","""Transform from odom to base_link was unavailable for the time requested. Using latest\","""/home/eve/eve/eve_ws/src/robot_localization/src/ros_filter_utilities.cpp""","""RosFilterUtilities",127,"[/rosout, /diagnostics, /odometry/filtered_odom, /tf]"
1524143536818340264,,153,,1524143536,818086082,'',4,"""/ekf_se_odom""","""Failed to meet update rate! Took 0.067828129000000000892 seconds. Try decreasing\","""/home/eve/eve/eve_ws/src/robot_localization/src/ros_filter.cpp""","""RosFilter<T>",1933,"[/rosout, /diagnostics, /odometry/filtered_odom, /tf]"
1524143537520808315,,154,,1524143537,520572790,'',4,"""/ekf_se_odom""","""Transform from odom to base_link was unavailable for the time requested. Using latest\","""/home/eve/eve/eve_ws/src/robot_localization/src/ros_filter_utilities.cpp""","""RosFilterUtilities",127,"[/rosout, /diagnostics, /odometry/filtered_odom, /tf]"
1524143539524101037,,155,,1524143539,523839602,'',4,"""/ekf_se_odom""","""Transform from odom to base_link was unavailable for the time requested. Using latest\","""/home/eve/eve/eve_ws/src/robot_localization/src/ros_filter_utilities.cpp""","""RosFilterUtilities",127,"[/rosout, /diagnostics, /odometry/filtered_odom, /tf]"
1524143541527479276,,156,,1524143541,527181734,'',4,"""/ekf_se_odom""","""Transform from odom to base_link was unavailable for the time requested. Using latest\","""/home/eve/eve/eve_ws/src/robot_localization/src/ros_filter_utilities.cpp""","""RosFilterUtilities",127,"[/rosout, /diagnostics, /odometry/filtered_odom, /tf]"
1524143543531414650,,157,,1524143543,531173441,'',4,"""/ekf_se_odom""","""Transform from odom to base_link was unavailable for the time requested. Using latest\","""/home/eve/eve/eve_ws/src/robot_localization/src/ros_filter_utilities.cpp""","""RosFilterUtilities",127,"[/rosout, /diagnostics, /odometry/filtered_odom, /tf]"
1524143545535067779,,158,,1524143545,534723952,'',4,"""/ekf_se_odom""","""Transform from odom to base_link was unavailable for the time requested. Using latest\","""/home/eve/eve/eve_ws/src/robot_localization/src/ros_filter_utilities.cpp""","""RosFilterUtilities",127,"[/rosout, /diagnostics, /odometry/filtered_odom, /tf]"
1524143547540305933,,159,,1524143547,539899670,'',4,"""/ekf_se_odom""","""Transform from odom to base_link was unavailable for the time requested. Using latest\","""/home/eve/eve/eve_ws/src/robot_localization/src/ros_filter_utilities.cpp""","""RosFilterUtilities",127,"[/rosout, /diagnostics, /odometry/filtered_odom, /tf]"
1524143549544716645,,160,,1524143549,544350266,'',4,"""/ekf_se_odom""","""Transform from odom to base_link was unavailable for the time requested. Using latest\","""/home/eve/eve/eve_ws/src/robot_localization/src/ros_filter_utilities.cpp""","""RosFilterUtilities",127,"[/rosout, /diagnostics, /odometry/filtered_odom, /tf]"
1524143551548692825,,161,,1524143551,548303375,'',4,"""/ekf_se_odom""","""Transform from odom to base_link was unavailable for the time requested. Using latest\","""/home/eve/eve/eve_ws/src/robot_localization/src/ros_filter_utilities.cpp""","""RosFilterUtilities",127,"[/rosout, /diagnostics, /odometry/filtered_odom, /tf]"
1524143553552139506,,162,,1524143553,551849235,'',4,"""/ekf_se_odom""","""Transform from odom to base_link was unavailable for the time requested. Using latest\","""/home/eve/eve/eve_ws/src/robot_localization/src/ros_filter_utilities.cpp""","""RosFilterUtilities",127,"[/rosout, /diagnostics, /odometry/filtered_odom, /tf]"
1524143555555417522,,163,,1524143555,555133887,'',4,"""/ekf_se_odom""","""Transform from odom to base_link was unavailable for the time requested. Using latest\","""/home/eve/eve/eve_ws/src/robot_localization/src/ros_filter_utilities.cpp""","""RosFilterUtilities",127,"[/rosout, /diagnostics, /odometry/filtered_odom, /tf]"
1524143557558025757,,164,,1524143557,557760311,'',4,"""/ekf_se_odom""","""Transform from odom to base_link was unavailable for the time requested. Using latest\","""/home/eve/eve/eve_ws/src/robot_localization/src/ros_filter_utilities.cpp""","""RosFilterUtilities",127,"[/rosout, /diagnostics, /odometry/filtered_odom, /tf]"
1524143559560739904,,165,,1524143559,560426169,'',4,"""/ekf_se_odom""","""Transform from odom to base_link was unavailable for the time requested. Using latest\","""/home/eve/eve/eve_ws/src/robot_localization/src/ros_filter_utilities.cpp""","""RosFilterUtilities",127,"[/rosout, /diagnostics, /odometry/filtered_odom, /tf]"
1524143561564190447,,166,,1524143561,563791393,'',4,"""/ekf_se_odom""","""Transform from odom to base_link was unavailable for the time requested. Using latest\","""/home/eve/eve/eve_ws/src/robot_localization/src/ros_filter_utilities.cpp""","""RosFilterUtilities",127,"[/rosout, /diagnostics, /odometry/filtered_odom, /tf]"
1524143563567117477,,167,,1524143563,566751146,'',4,"""/ekf_se_odom""","""Transform from odom to base_link was unavailable for the time requested. Using latest\","""/home/eve/eve/eve_ws/src/robot_localization/src/ros_filter_utilities.cpp""","""RosFilterUtilities",127,"[/rosout, /diagnostics, /odometry/filtered_odom, /tf]"
1524143565569715060,,168,,1524143565,569330580,'',4,"""/ekf_se_odom""","""Transform from odom to base_link was unavailable for the time requested. Using latest\","""/home/eve/eve/eve_ws/src/robot_localization/src/ros_filter_utilities.cpp""","""RosFilterUtilities",127,"[/rosout, /diagnostics, /odometry/filtered_odom, /tf]"
1524143567543119788,,169,,1524143567,542829757,'',4,"""/ekf_se_odom""","""Failed to meet update rate! Took 0.073108143999999999907 seconds. Try decreasing\","""/home/eve/eve/eve_ws/src/robot_localization/src/ros_filter.cpp""","""RosFilter<T>",1933,"[/rosout, /diagnostics, /odometry/filtered_odom, /tf]"
1524143567595789756,,170,,1524143567,595398890,'',4,"""/ekf_se_odom""","""Transform from odom to base_link was unavailable for the time requested. Using latest\","""/home/eve/eve/eve_ws/src/robot_localization/src/ros_filter_utilities.cpp""","""RosFilterUtilities",127,"[/rosout, /diagnostics, /odometry/filtered_odom, /tf]"
1524143569602342650,,171,,1524143569,601958562,'',4,"""/ekf_se_odom""","""Transform from odom to base_link was unavailable for the time requested. Using latest\","""/home/eve/eve/eve_ws/src/robot_localization/src/ros_filter_utilities.cpp""","""RosFilterUtilities",127,"[/rosout, /diagnostics, /odometry/filtered_odom, /tf]"
1524143571652874286,,172,,1524143571,652661689,'',4,"""/ekf_se_odom""","""Transform from odom to base_link was unavailable for the time requested. Using latest\","""/home/eve/eve/eve_ws/src/robot_localization/src/ros_filter_utilities.cpp""","""RosFilterUtilities",127,"[/rosout, /diagnostics, /odometry/filtered_odom, /tf]"
1524143573656481942,,173,,1524143573,656211280,'',4,"""/ekf_se_odom""","""Transform from odom to base_link was unavailable for the time requested. Using latest\","""/home/eve/eve/eve_ws/src/robot_localization/src/ros_filter_utilities.cpp""","""RosFilterUtilities",127,"[/rosout, /diagnostics, /odometry/filtered_odom, /tf]"
1524143575659630630,,174,,1524143575,659310722,'',4,"""/ekf_se_odom""","""Transform from odom to base_link was unavailable for the time requested. Using latest\","""/home/eve/eve/eve_ws/src/robot_localization/src/ros_filter_utilities.cpp""","""RosFilterUtilities",127,"[/rosout, /diagnostics, /odometry/filtered_odom, /tf]"
1524143577662099170,,175,,1524143577,661767284,'',4,"""/ekf_se_odom""","""Transform from odom to base_link was unavailable for the time requested. Using latest\","""/home/eve/eve/eve_ws/src/robot_localization/src/ros_filter_utilities.cpp""","""RosFilterUtilities",127,"[/rosout, /diagnostics, /odometry/filtered_odom, /tf]"
1524143579665443250,,176,,1524143579,665110128,'',4,"""/ekf_se_odom""","""Transform from odom to base_link was unavailable for the time requested. Using latest\","""/home/eve/eve/eve_ws/src/robot_localization/src/ros_filter_utilities.cpp""","""RosFilterUtilities",127,"[/rosout, /diagnostics, /odometry/filtered_odom, /tf]"
1524143581668077258,,177,,1524143581,667768951,'',4,"""/ekf_se_odom""","""Transform from odom to base_link was unavailable for the time requested. Using latest\","""/home/eve/eve/eve_ws/src/robot_localization/src/ros_filter_utilities.cpp""","""RosFilterUtilities",127,"[/rosout, /diagnostics, /odometry/filtered_odom, /tf]"
1524143583671471678,,178,,1524143583,671143781,'',4,"""/ekf_se_odom""","""Transform from odom to base_link was unavailable for the time requested. Using latest\","""/home/eve/eve/eve_ws/src/robot_localization/src/ros_filter_utilities.cpp""","""RosFilterUtilities",127,"[/rosout, /diagnostics, /odometry/filtered_odom, /tf]"
1524143585674300329,,179,,1524143585,674011656,'',4,"""/ekf_se_odom""","""Transform from odom to base_link was unavailable for the time requested. Using latest\","""/home/eve/eve/eve_ws/src/robot_localization/src/ros_filter_utilities.cpp""","""RosFilterUtilities",127,"[/rosout, /diagnostics, /odometry/filtered_odom, /tf]"
1524143587677697373,,180,,1524143587,677340178,'',4,"""/ekf_se_odom""","""Transform from odom to base_link was unavailable for the time requested. Using latest\","""/home/eve/eve/eve_ws/src/robot_localization/src/ros_filter_utilities.cpp""","""RosFilterUtilities",127,"[/rosout, /diagnostics, /odometry/filtered_odom, /tf]"
1524143589680157139,,181,,1524143589,679914912,'',4,"""/ekf_se_odom""","""Transform from odom to base_link was unavailable for the time requested. Using latest\","""/home/eve/eve/eve_ws/src/robot_localization/src/ros_filter_utilities.cpp""","""RosFilterUtilities",127,"[/rosout, /diagnostics, /odometry/filtered_odom, /tf]"
1524143591683763455,,182,,1524143591,683414946,'',4,"""/ekf_se_odom""","""Transform from odom to base_link was unavailable for the time requested. Using latest\","""/home/eve/eve/eve_ws/src/robot_localization/src/ros_filter_utilities.cpp""","""RosFilterUtilities",127,"[/rosout, /diagnostics, /odometry/filtered_odom, /tf]"
1524143593686663362,,183,,1524143593,686367838,'',4,"""/ekf_se_odom""","""Transform from odom to base_link was unavailable for the time requested. Using latest\","""/home/eve/eve/eve_ws/src/robot_localization/src/ros_filter_utilities.cpp""","""RosFilterUtilities",127,"[/rosout, /diagnostics, /odometry/filtered_odom, /tf]"
1524143595690385139,,184,,1524143595,690050510,'',4,"""/ekf_se_odom""","""Transform from odom to base_link was unavailable for the time requested. Using latest\","""/home/eve/eve/eve_ws/src/robot_localization/src/ros_filter_utilities.cpp""","""RosFilterUtilities",127,"[/rosout, /diagnostics, /odometry/filtered_odom, /tf]"
1524143597693864040,,185,,1524143597,693561558,'',4,"""/ekf_se_odom""","""Transform from odom to base_link was unavailable for the time requested. Using latest\","""/home/eve/eve/eve_ws/src/robot_localization/src/ros_filter_utilities.cpp""","""RosFilterUtilities",127,"[/rosout, /diagnostics, /odometry/filtered_odom, /tf]"
1524143599697980823,,186,,1524143599,697643541,'',4,"""/ekf_se_odom""","""Transform from odom to base_link was unavailable for the time requested. Using latest\","""/home/eve/eve/eve_ws/src/robot_localization/src/ros_filter_utilities.cpp""","""RosFilterUtilities",127,"[/rosout, /diagnostics, /odometry/filtered_odom, /tf]"
1524143601702458776,,187,,1524143601,702182342,'',4,"""/ekf_se_odom""","""Transform from odom to base_link was unavailable for the time requested. Using latest\","""/home/eve/eve/eve_ws/src/robot_localization/src/ros_filter_utilities.cpp""","""RosFilterUtilities",127,"[/rosout, /diagnostics, /odometry/filtered_odom, /tf]"
1524143603705075106,,188,,1524143603,704753398,'',4,"""/ekf_se_odom""","""Transform from odom to base_link was unavailable for the time requested. Using latest\","""/home/eve/eve/eve_ws/src/robot_localization/src/ros_filter_utilities.cpp""","""RosFilterUtilities",127,"[/rosout, /diagnostics, /odometry/filtered_odom, /tf]"
1524143605706747855,,189,,1524143605,706514612,'',4,"""/ekf_se_odom""","""Transform from odom to base_link was unavailable for the time requested. Using latest\","""/home/eve/eve/eve_ws/src/robot_localization/src/ros_filter_utilities.cpp""","""RosFilterUtilities",127,"[/rosout, /diagnostics, /odometry/filtered_odom, /tf]"
1524143607710037060,,190,,1524143607,709725878,'',4,"""/ekf_se_odom""","""Transform from odom to base_link was unavailable for the time requested. Using latest\","""/home/eve/eve/eve_ws/src/robot_localization/src/ros_filter_utilities.cpp""","""RosFilterUtilities",127,"[/rosout, /diagnostics, /odometry/filtered_odom, /tf]"
1524143609712749241,,191,,1524143609,712365146,'',4,"""/ekf_se_odom""","""Transform from odom to base_link was unavailable for the time requested. Using latest\","""/home/eve/eve/eve_ws/src/robot_localization/src/ros_filter_utilities.cpp""","""RosFilterUtilities",127,"[/rosout, /diagnostics, /odometry/filtered_odom, /tf]"
1524143611714416411,,192,,1524143611,714237986,'',4,"""/ekf_se_odom""","""Transform from odom to base_link was unavailable for the time requested. Using latest\","""/home/eve/eve/eve_ws/src/robot_localization/src/ros_filter_utilities.cpp""","""RosFilterUtilities",127,"[/rosout, /diagnostics, /odometry/filtered_odom, /tf]"
1524143613718113143,,193,,1524143613,717775499,'',4,"""/ekf_se_odom""","""Transform from odom to base_link was unavailable for the time requested. Using latest\","""/home/eve/eve/eve_ws/src/robot_localization/src/ros_filter_utilities.cpp""","""RosFilterUtilities",127,"[/rosout, /diagnostics, /odometry/filtered_odom, /tf]"
1524143615720685608,,194,,1524143615,720384217,'',4,"""/ekf_se_odom""","""Transform from odom to base_link was unavailable for the time requested. Using latest\","""/home/eve/eve/eve_ws/src/robot_localization/src/ros_filter_utilities.cpp""","""RosFilterUtilities",127,"[/rosout, /diagnostics, /odometry/filtered_odom, /tf]"
1524143617723089159,,195,,1524143617,722708362,'',4,"""/ekf_se_odom""","""Transform from odom to base_link was unavailable for the time requested. Using latest\","""/home/eve/eve/eve_ws/src/robot_localization/src/ros_filter_utilities.cpp""","""RosFilterUtilities",127,"[/rosout, /diagnostics, /odometry/filtered_odom, /tf]"
