rosbagTimestamp,header,seq,stamp,secs,nsecs,frame_id,level,name,msg,"\ instead.\n""",file,function,line,topics
1522936666918092184,,21,,1522936666,917824675,'',4,"""/ekf_se_odom""","""Transform from odom to base_link was unavailable for the time requested. Using latest\","""/home/eve/eve/eve_ws/src/robot_localization/src/ros_filter_utilities.cpp""","""RosFilterUtilities",127,"[/rosout, /diagnostics, /odometry/filtered_odom, /tf]"
1522936668924044621,,22,,1522936668,923694909,'',4,"""/ekf_se_odom""","""Transform from odom to base_link was unavailable for the time requested. Using latest\","""/home/eve/eve/eve_ws/src/robot_localization/src/ros_filter_utilities.cpp""","""RosFilterUtilities",127,"[/rosout, /diagnostics, /odometry/filtered_odom, /tf]"
1522936670963516593,,23,,1522936670,963132390,'',4,"""/ekf_se_odom""","""Transform from odom to base_link was unavailable for the time requested. Using latest\","""/home/eve/eve/eve_ws/src/robot_localization/src/ros_filter_utilities.cpp""","""RosFilterUtilities",127,"[/rosout, /diagnostics, /odometry/filtered_odom, /tf]"
1522936672969144581,,24,,1522936672,968713051,'',4,"""/ekf_se_odom""","""Transform from odom to base_link was unavailable for the time requested. Using latest\","""/home/eve/eve/eve_ws/src/robot_localization/src/ros_filter_utilities.cpp""","""RosFilterUtilities",127,"[/rosout, /diagnostics, /odometry/filtered_odom, /tf]"
1522936674973052026,,25,,1522936674,972764015,'',4,"""/ekf_se_odom""","""Transform from odom to base_link was unavailable for the time requested. Using latest\","""/home/eve/eve/eve_ws/src/robot_localization/src/ros_filter_utilities.cpp""","""RosFilterUtilities",127,"[/rosout, /diagnostics, /odometry/filtered_odom, /tf]"
1522936677012298400,,26,,1522936677,11926180,'',4,"""/ekf_se_odom""","""Transform from odom to base_link was unavailable for the time requested. Using latest\","""/home/eve/eve/eve_ws/src/robot_localization/src/ros_filter_utilities.cpp""","""RosFilterUtilities",127,"[/rosout, /diagnostics, /odometry/filtered_odom, /tf]"
1522936679017533150,,27,,1522936679,17224887,'',4,"""/ekf_se_odom""","""Transform from odom to base_link was unavailable for the time requested. Using latest\","""/home/eve/eve/eve_ws/src/robot_localization/src/ros_filter_utilities.cpp""","""RosFilterUtilities",127,"[/rosout, /diagnostics, /odometry/filtered_odom, /tf]"
1522936681023446150,,28,,1522936681,23111775,'',4,"""/ekf_se_odom""","""Transform from odom to base_link was unavailable for the time requested. Using latest\","""/home/eve/eve/eve_ws/src/robot_localization/src/ros_filter_utilities.cpp""","""RosFilterUtilities",127,"[/rosout, /diagnostics, /odometry/filtered_odom, /tf]"
1522936683063638134,,29,,1522936683,63185771,'',4,"""/ekf_se_odom""","""Transform from odom to base_link was unavailable for the time requested. Using latest\","""/home/eve/eve/eve_ws/src/robot_localization/src/ros_filter_utilities.cpp""","""RosFilterUtilities",127,"[/rosout, /diagnostics, /odometry/filtered_odom, /tf]"
1522936685069799061,,30,,1522936685,69359277,'',4,"""/ekf_se_odom""","""Transform from odom to base_link was unavailable for the time requested. Using latest\","""/home/eve/eve/eve_ws/src/robot_localization/src/ros_filter_utilities.cpp""","""RosFilterUtilities",127,"[/rosout, /diagnostics, /odometry/filtered_odom, /tf]"
1522936686984346723,,31,,1522936686,984097497,'',4,"""/navsat_transform_node""","""Transform from base_link to map was unavailable for the time requested. Using latest\","""/home/eve/eve/eve_ws/src/robot_localization/src/ros_filter_utilities.cpp""","""RosFilterUtilities",127,"[/rosout, /tf_static, /odometry/gps, /gps/filtered]"
1522936687075697987,,32,,1522936687,75338783,'',4,"""/ekf_se_odom""","""Transform from odom to base_link was unavailable for the time requested. Using latest\","""/home/eve/eve/eve_ws/src/robot_localization/src/ros_filter_utilities.cpp""","""RosFilterUtilities",127,"[/rosout, /diagnostics, /odometry/filtered_odom, /tf]"
1522936689113960097,,33,,1522936689,113762070,'',4,"""/ekf_se_odom""","""Transform from odom to base_link was unavailable for the time requested. Using latest\","""/home/eve/eve/eve_ws/src/robot_localization/src/ros_filter_utilities.cpp""","""RosFilterUtilities",127,"[/rosout, /diagnostics, /odometry/filtered_odom, /tf]"
1522936691119898840,,34,,1522936691,119555727,'',4,"""/ekf_se_odom""","""Transform from odom to base_link was unavailable for the time requested. Using latest\","""/home/eve/eve/eve_ws/src/robot_localization/src/ros_filter_utilities.cpp""","""RosFilterUtilities",127,"[/rosout, /diagnostics, /odometry/filtered_odom, /tf]"
1522936693124866895,,35,,1522936693,124642933,'',4,"""/ekf_se_odom""","""Transform from odom to base_link was unavailable for the time requested. Using latest\","""/home/eve/eve/eve_ws/src/robot_localization/src/ros_filter_utilities.cpp""","""RosFilterUtilities",127,"[/rosout, /diagnostics, /odometry/filtered_odom, /tf]"
1522936695163691636,,36,,1522936695,163439846,'',4,"""/ekf_se_odom""","""Transform from odom to base_link was unavailable for the time requested. Using latest\","""/home/eve/eve/eve_ws/src/robot_localization/src/ros_filter_utilities.cpp""","""RosFilterUtilities",127,"[/rosout, /diagnostics, /odometry/filtered_odom, /tf]"
1522936697170026412,,37,,1522936697,169630106,'',4,"""/ekf_se_odom""","""Transform from odom to base_link was unavailable for the time requested. Using latest\","""/home/eve/eve/eve_ws/src/robot_localization/src/ros_filter_utilities.cpp""","""RosFilterUtilities",127,"[/rosout, /diagnostics, /odometry/filtered_odom, /tf]"
1522936699175763451,,38,,1522936699,175397040,'',4,"""/ekf_se_odom""","""Transform from odom to base_link was unavailable for the time requested. Using latest\","""/home/eve/eve/eve_ws/src/robot_localization/src/ros_filter_utilities.cpp""","""RosFilterUtilities",127,"[/rosout, /diagnostics, /odometry/filtered_odom, /tf]"
1522936701213511981,,39,,1522936701,213292997,'',4,"""/ekf_se_odom""","""Transform from odom to base_link was unavailable for the time requested. Using latest\","""/home/eve/eve/eve_ws/src/robot_localization/src/ros_filter_utilities.cpp""","""RosFilterUtilities",127,"[/rosout, /diagnostics, /odometry/filtered_odom, /tf]"
1522936703220141638,,40,,1522936703,219772087,'',4,"""/ekf_se_odom""","""Transform from odom to base_link was unavailable for the time requested. Using latest\","""/home/eve/eve/eve_ws/src/robot_localization/src/ros_filter_utilities.cpp""","""RosFilterUtilities",127,"[/rosout, /diagnostics, /odometry/filtered_odom, /tf]"
1522936705225730528,,41,,1522936705,225317483,'',4,"""/ekf_se_odom""","""Transform from odom to base_link was unavailable for the time requested. Using latest\","""/home/eve/eve/eve_ws/src/robot_localization/src/ros_filter_utilities.cpp""","""RosFilterUtilities",127,"[/rosout, /diagnostics, /odometry/filtered_odom, /tf]"
1522936707264177907,,42,,1522936707,263933121,'',4,"""/ekf_se_odom""","""Transform from odom to base_link was unavailable for the time requested. Using latest\","""/home/eve/eve/eve_ws/src/robot_localization/src/ros_filter_utilities.cpp""","""RosFilterUtilities",127,"[/rosout, /diagnostics, /odometry/filtered_odom, /tf]"
1522936709269945335,,43,,1522936709,269522082,'',4,"""/ekf_se_odom""","""Transform from odom to base_link was unavailable for the time requested. Using latest\","""/home/eve/eve/eve_ws/src/robot_localization/src/ros_filter_utilities.cpp""","""RosFilterUtilities",127,"[/rosout, /diagnostics, /odometry/filtered_odom, /tf]"
1522936711275246838,,44,,1522936711,274866511,'',4,"""/ekf_se_odom""","""Transform from odom to base_link was unavailable for the time requested. Using latest\","""/home/eve/eve/eve_ws/src/robot_localization/src/ros_filter_utilities.cpp""","""RosFilterUtilities",127,"[/rosout, /diagnostics, /odometry/filtered_odom, /tf]"
1522936711984504860,,45,,1522936711,984091743,'',4,"""/navsat_transform_node""","""Transform from base_link to map was unavailable for the time requested. Using latest\","""/home/eve/eve/eve_ws/src/robot_localization/src/ros_filter_utilities.cpp""","""RosFilterUtilities",127,"[/rosout, /tf_static, /odometry/gps, /gps/filtered]"
1522936713312480142,,46,,1522936713,312267844,'',4,"""/ekf_se_odom""","""Transform from odom to base_link was unavailable for the time requested. Using latest\","""/home/eve/eve/eve_ws/src/robot_localization/src/ros_filter_utilities.cpp""","""RosFilterUtilities",127,"[/rosout, /diagnostics, /odometry/filtered_odom, /tf]"
1522936715317812929,,47,,1522936715,317533177,'',4,"""/ekf_se_odom""","""Transform from odom to base_link was unavailable for the time requested. Using latest\","""/home/eve/eve/eve_ws/src/robot_localization/src/ros_filter_utilities.cpp""","""RosFilterUtilities",127,"[/rosout, /diagnostics, /odometry/filtered_odom, /tf]"
1522936717324867060,,48,,1522936717,324437866,'',4,"""/ekf_se_odom""","""Transform from odom to base_link was unavailable for the time requested. Using latest\","""/home/eve/eve/eve_ws/src/robot_localization/src/ros_filter_utilities.cpp""","""RosFilterUtilities",127,"[/rosout, /diagnostics, /odometry/filtered_odom, /tf]"
1522936719363039712,,49,,1522936719,362775530,'',4,"""/ekf_se_odom""","""Transform from odom to base_link was unavailable for the time requested. Using latest\","""/home/eve/eve/eve_ws/src/robot_localization/src/ros_filter_utilities.cpp""","""RosFilterUtilities",127,"[/rosout, /diagnostics, /odometry/filtered_odom, /tf]"
1522936721368032667,,50,,1522936721,367711920,'',4,"""/ekf_se_odom""","""Transform from odom to base_link was unavailable for the time requested. Using latest\","""/home/eve/eve/eve_ws/src/robot_localization/src/ros_filter_utilities.cpp""","""RosFilterUtilities",127,"[/rosout, /diagnostics, /odometry/filtered_odom, /tf]"
1522936723374785702,,51,,1522936723,374372394,'',4,"""/ekf_se_odom""","""Transform from odom to base_link was unavailable for the time requested. Using latest\","""/home/eve/eve/eve_ws/src/robot_localization/src/ros_filter_utilities.cpp""","""RosFilterUtilities",127,"[/rosout, /diagnostics, /odometry/filtered_odom, /tf]"
1522936725413104627,,52,,1522936725,412734153,'',4,"""/ekf_se_odom""","""Transform from odom to base_link was unavailable for the time requested. Using latest\","""/home/eve/eve/eve_ws/src/robot_localization/src/ros_filter_utilities.cpp""","""RosFilterUtilities",127,"[/rosout, /diagnostics, /odometry/filtered_odom, /tf]"
1522936727419181031,,53,,1522936727,418809821,'',4,"""/ekf_se_odom""","""Transform from odom to base_link was unavailable for the time requested. Using latest\","""/home/eve/eve/eve_ws/src/robot_localization/src/ros_filter_utilities.cpp""","""RosFilterUtilities",127,"[/rosout, /diagnostics, /odometry/filtered_odom, /tf]"
1522936729424171763,,54,,1522936729,423923436,'',4,"""/ekf_se_odom""","""Transform from odom to base_link was unavailable for the time requested. Using latest\","""/home/eve/eve/eve_ws/src/robot_localization/src/ros_filter_utilities.cpp""","""RosFilterUtilities",127,"[/rosout, /diagnostics, /odometry/filtered_odom, /tf]"
1522936731464376186,,55,,1522936731,463988315,'',4,"""/ekf_se_odom""","""Transform from odom to base_link was unavailable for the time requested. Using latest\","""/home/eve/eve/eve_ws/src/robot_localization/src/ros_filter_utilities.cpp""","""RosFilterUtilities",127,"[/rosout, /diagnostics, /odometry/filtered_odom, /tf]"
1522936733470040538,,56,,1522936733,469729697,'',4,"""/ekf_se_odom""","""Transform from odom to base_link was unavailable for the time requested. Using latest\","""/home/eve/eve/eve_ws/src/robot_localization/src/ros_filter_utilities.cpp""","""RosFilterUtilities",127,"[/rosout, /diagnostics, /odometry/filtered_odom, /tf]"
1522936735475347857,,57,,1522936735,475004244,'',4,"""/ekf_se_odom""","""Transform from odom to base_link was unavailable for the time requested. Using latest\","""/home/eve/eve/eve_ws/src/robot_localization/src/ros_filter_utilities.cpp""","""RosFilterUtilities",127,"[/rosout, /diagnostics, /odometry/filtered_odom, /tf]"
1522936737514499987,,58,,1522936737,514163680,'',4,"""/ekf_se_odom""","""Transform from odom to base_link was unavailable for the time requested. Using latest\","""/home/eve/eve/eve_ws/src/robot_localization/src/ros_filter_utilities.cpp""","""RosFilterUtilities",127,"[/rosout, /diagnostics, /odometry/filtered_odom, /tf]"
1522936739518852849,,59,,1522936739,518603452,'',4,"""/ekf_se_odom""","""Transform from odom to base_link was unavailable for the time requested. Using latest\","""/home/eve/eve/eve_ws/src/robot_localization/src/ros_filter_utilities.cpp""","""RosFilterUtilities",127,"[/rosout, /diagnostics, /odometry/filtered_odom, /tf]"
1522936741524698820,,60,,1522936741,524453736,'',4,"""/ekf_se_odom""","""Transform from odom to base_link was unavailable for the time requested. Using latest\","""/home/eve/eve/eve_ws/src/robot_localization/src/ros_filter_utilities.cpp""","""RosFilterUtilities",127,"[/rosout, /diagnostics, /odometry/filtered_odom, /tf]"
1522936741984314587,,61,,1522936741,984034258,'',4,"""/navsat_transform_node""","""Transform from base_link to map was unavailable for the time requested. Using latest\","""/home/eve/eve/eve_ws/src/robot_localization/src/ros_filter_utilities.cpp""","""RosFilterUtilities",127,"[/rosout, /tf_static, /odometry/gps, /gps/filtered]"
1522936743564393366,,62,,1522936743,564097612,'',4,"""/ekf_se_odom""","""Transform from odom to base_link was unavailable for the time requested. Using latest\","""/home/eve/eve/eve_ws/src/robot_localization/src/ros_filter_utilities.cpp""","""RosFilterUtilities",127,"[/rosout, /diagnostics, /odometry/filtered_odom, /tf]"
1522936745568405063,,63,,1522936745,568118541,'',4,"""/ekf_se_odom""","""Transform from odom to base_link was unavailable for the time requested. Using latest\","""/home/eve/eve/eve_ws/src/robot_localization/src/ros_filter_utilities.cpp""","""RosFilterUtilities",127,"[/rosout, /diagnostics, /odometry/filtered_odom, /tf]"
1522936747574825480,,64,,1522936747,574441839,'',4,"""/ekf_se_odom""","""Transform from odom to base_link was unavailable for the time requested. Using latest\","""/home/eve/eve/eve_ws/src/robot_localization/src/ros_filter_utilities.cpp""","""RosFilterUtilities",127,"[/rosout, /diagnostics, /odometry/filtered_odom, /tf]"
1522936749612744093,,65,,1522936749,612357596,'',4,"""/ekf_se_odom""","""Transform from odom to base_link was unavailable for the time requested. Using latest\","""/home/eve/eve/eve_ws/src/robot_localization/src/ros_filter_utilities.cpp""","""RosFilterUtilities",127,"[/rosout, /diagnostics, /odometry/filtered_odom, /tf]"
1522936749996969840,,66,,1522936657,927727975,'',2,"""/ekf_se_map""","""Valid clock time received. Starting node.""","""/home/eve/eve/eve_ws/src/robot_localization/src/ros_filter.cpp""","""RosFilter<T>",1747,"[/rosout, /diagnostics]"
1522936749996973490,,67,,1522936749,996782022,'',4,"""/ekf_se_map""","""Failed to meet update rate! Took 0.04921171900000000099 seconds. Try decreasing the\","""/home/eve/eve/eve_ws/src/robot_localization/src/ros_filter.cpp""","""RosFilter<T>",1933,"[/rosout, /diagnostics, /odometry/filtered_map, /tf]"
1522936751670569273,,68,,1522936751,670169945,'',4,"""/ekf_se_odom""","""Transform from odom to base_link was unavailable for the time requested. Using latest\","""/home/eve/eve/eve_ws/src/robot_localization/src/ros_filter_utilities.cpp""","""RosFilterUtilities",127,"[/rosout, /diagnostics, /odometry/filtered_odom, /tf]"
1522936753677653365,,69,,1522936753,677098769,'',4,"""/ekf_se_odom""","""Transform from odom to base_link was unavailable for the time requested. Using latest\","""/home/eve/eve/eve_ws/src/robot_localization/src/ros_filter_utilities.cpp""","""RosFilterUtilities",127,"[/rosout, /diagnostics, /odometry/filtered_odom, /tf]"
1522936755715618245,,70,,1522936755,715258333,'',4,"""/ekf_se_odom""","""Transform from odom to base_link was unavailable for the time requested. Using latest\","""/home/eve/eve/eve_ws/src/robot_localization/src/ros_filter_utilities.cpp""","""RosFilterUtilities",127,"[/rosout, /diagnostics, /odometry/filtered_odom, /tf]"
1522936757720580181,,71,,1522936757,720223832,'',4,"""/ekf_se_odom""","""Transform from odom to base_link was unavailable for the time requested. Using latest\","""/home/eve/eve/eve_ws/src/robot_localization/src/ros_filter_utilities.cpp""","""RosFilterUtilities",127,"[/rosout, /diagnostics, /odometry/filtered_odom, /tf]"
1522936759726641031,,72,,1522936759,726201942,'',4,"""/ekf_se_odom""","""Transform from odom to base_link was unavailable for the time requested. Using latest\","""/home/eve/eve/eve_ws/src/robot_localization/src/ros_filter_utilities.cpp""","""RosFilterUtilities",127,"[/rosout, /diagnostics, /odometry/filtered_odom, /tf]"
1522936761766079548,,73,,1522936761,765616371,'',4,"""/ekf_se_odom""","""Transform from odom to base_link was unavailable for the time requested. Using latest\","""/home/eve/eve/eve_ws/src/robot_localization/src/ros_filter_utilities.cpp""","""RosFilterUtilities",127,"[/rosout, /diagnostics, /odometry/filtered_odom, /tf]"
1522936763771337258,,74,,1522936763,770947992,'',4,"""/ekf_se_odom""","""Transform from odom to base_link was unavailable for the time requested. Using latest\","""/home/eve/eve/eve_ws/src/robot_localization/src/ros_filter_utilities.cpp""","""RosFilterUtilities",127,"[/rosout, /diagnostics, /odometry/filtered_odom, /tf]"
1522936765777074310,,75,,1522936765,776634096,'',4,"""/ekf_se_odom""","""Transform from odom to base_link was unavailable for the time requested. Using latest\","""/home/eve/eve/eve_ws/src/robot_localization/src/ros_filter_utilities.cpp""","""RosFilterUtilities",127,"[/rosout, /diagnostics, /odometry/filtered_odom, /tf]"
1522936767816686777,,76,,1522936767,816179665,'',4,"""/ekf_se_odom""","""Transform from odom to base_link was unavailable for the time requested. Using latest\","""/home/eve/eve/eve_ws/src/robot_localization/src/ros_filter_utilities.cpp""","""RosFilterUtilities",127,"[/rosout, /diagnostics, /odometry/filtered_odom, /tf]"
1522936769821036481,,77,,1522936769,820649897,'',4,"""/ekf_se_odom""","""Transform from odom to base_link was unavailable for the time requested. Using latest\","""/home/eve/eve/eve_ws/src/robot_localization/src/ros_filter_utilities.cpp""","""RosFilterUtilities",127,"[/rosout, /diagnostics, /odometry/filtered_odom, /tf]"
1522936771826708882,,78,,1522936771,826230961,'',4,"""/ekf_se_odom""","""Transform from odom to base_link was unavailable for the time requested. Using latest\","""/home/eve/eve/eve_ws/src/robot_localization/src/ros_filter_utilities.cpp""","""RosFilterUtilities",127,"[/rosout, /diagnostics, /odometry/filtered_odom, /tf]"
1522936773864635850,,79,,1522936773,864257633,'',4,"""/ekf_se_odom""","""Transform from odom to base_link was unavailable for the time requested. Using latest\","""/home/eve/eve/eve_ws/src/robot_localization/src/ros_filter_utilities.cpp""","""RosFilterUtilities",127,"[/rosout, /diagnostics, /odometry/filtered_odom, /tf]"
1522936775870119023,,80,,1522936775,869746189,'',4,"""/ekf_se_odom""","""Transform from odom to base_link was unavailable for the time requested. Using latest\","""/home/eve/eve/eve_ws/src/robot_localization/src/ros_filter_utilities.cpp""","""RosFilterUtilities",127,"[/rosout, /diagnostics, /odometry/filtered_odom, /tf]"
1522936777876276125,,81,,1522936777,875837524,'',4,"""/ekf_se_odom""","""Transform from odom to base_link was unavailable for the time requested. Using latest\","""/home/eve/eve/eve_ws/src/robot_localization/src/ros_filter_utilities.cpp""","""RosFilterUtilities",127,"[/rosout, /diagnostics, /odometry/filtered_odom, /tf]"
1522936779914720165,,82,,1522936779,914333772,'',4,"""/ekf_se_odom""","""Transform from odom to base_link was unavailable for the time requested. Using latest\","""/home/eve/eve/eve_ws/src/robot_localization/src/ros_filter_utilities.cpp""","""RosFilterUtilities",127,"[/rosout, /diagnostics, /odometry/filtered_odom, /tf]"
1522936781919081831,,83,,1522936781,918768857,'',4,"""/ekf_se_odom""","""Transform from odom to base_link was unavailable for the time requested. Using latest\","""/home/eve/eve/eve_ws/src/robot_localization/src/ros_filter_utilities.cpp""","""RosFilterUtilities",127,"[/rosout, /diagnostics, /odometry/filtered_odom, /tf]"
1522936783924657878,,84,,1522936783,924271931,'',4,"""/ekf_se_odom""","""Transform from odom to base_link was unavailable for the time requested. Using latest\","""/home/eve/eve/eve_ws/src/robot_localization/src/ros_filter_utilities.cpp""","""RosFilterUtilities",127,"[/rosout, /diagnostics, /odometry/filtered_odom, /tf]"
1522936785927930424,,85,,1522936785,927317277,'',4,"""/ekf_se_map""","""Failed to meet update rate! Took 0.13408213700000001789 seconds. Try decreasing the\","""/home/eve/eve/eve_ws/src/robot_localization/src/ros_filter.cpp""","""RosFilter<T>",1933,"[/rosout, /diagnostics, /odometry/filtered_map, /tf]"
1522936785930590347,,86,,1522936785,930088858,'',4,"""/ekf_se_odom""","""Failed to meet update rate! Took 0.1368358749999999957 seconds. Try decreasing the\","""/home/eve/eve/eve_ws/src/robot_localization/src/ros_filter.cpp""","""RosFilter<T>",1933,"[/rosout, /diagnostics, /odometry/filtered_odom, /tf]"
1522936785932634332,,87,,1522936785,932470401,'',4,"""/ekf_se_odom""","""Transform from odom to base_link was unavailable for the time requested. Using latest\","""/home/eve/eve/eve_ws/src/robot_localization/src/ros_filter_utilities.cpp""","""RosFilterUtilities",127,"[/rosout, /diagnostics, /odometry/filtered_odom, /tf]"
1522936787971154133,,88,,1522936787,970787385,'',4,"""/ekf_se_odom""","""Transform from odom to base_link was unavailable for the time requested. Using latest\","""/home/eve/eve/eve_ws/src/robot_localization/src/ros_filter_utilities.cpp""","""RosFilterUtilities",127,"[/rosout, /diagnostics, /odometry/filtered_odom, /tf]"
1522936789976090567,,89,,1522936789,975731447,'',4,"""/ekf_se_odom""","""Transform from odom to base_link was unavailable for the time requested. Using latest\","""/home/eve/eve/eve_ws/src/robot_localization/src/ros_filter_utilities.cpp""","""RosFilterUtilities",127,"[/rosout, /diagnostics, /odometry/filtered_odom, /tf]"
1522936792015261119,,90,,1522936792,14743272,'',4,"""/ekf_se_odom""","""Transform from odom to base_link was unavailable for the time requested. Using latest\","""/home/eve/eve/eve_ws/src/robot_localization/src/ros_filter_utilities.cpp""","""RosFilterUtilities",127,"[/rosout, /diagnostics, /odometry/filtered_odom, /tf]"
1522936794019427846,,91,,1522936794,19021579,'',4,"""/ekf_se_odom""","""Transform from odom to base_link was unavailable for the time requested. Using latest\","""/home/eve/eve/eve_ws/src/robot_localization/src/ros_filter_utilities.cpp""","""RosFilterUtilities",127,"[/rosout, /diagnostics, /odometry/filtered_odom, /tf]"
1522936796025408839,,92,,1522936796,24959120,'',4,"""/ekf_se_odom""","""Transform from odom to base_link was unavailable for the time requested. Using latest\","""/home/eve/eve/eve_ws/src/robot_localization/src/ros_filter_utilities.cpp""","""RosFilterUtilities",127,"[/rosout, /diagnostics, /odometry/filtered_odom, /tf]"
1522936798064276896,,93,,1522936798,63954343,'',4,"""/ekf_se_odom""","""Transform from odom to base_link was unavailable for the time requested. Using latest\","""/home/eve/eve/eve_ws/src/robot_localization/src/ros_filter_utilities.cpp""","""RosFilterUtilities",127,"[/rosout, /diagnostics, /odometry/filtered_odom, /tf]"
1522936800070297268,,94,,1522936800,69844060,'',4,"""/ekf_se_odom""","""Transform from odom to base_link was unavailable for the time requested. Using latest\","""/home/eve/eve/eve_ws/src/robot_localization/src/ros_filter_utilities.cpp""","""RosFilterUtilities",127,"[/rosout, /diagnostics, /odometry/filtered_odom, /tf]"
1522936802075075160,,95,,1522936802,74715140,'',4,"""/ekf_se_odom""","""Transform from odom to base_link was unavailable for the time requested. Using latest\","""/home/eve/eve/eve_ws/src/robot_localization/src/ros_filter_utilities.cpp""","""RosFilterUtilities",127,"[/rosout, /diagnostics, /odometry/filtered_odom, /tf]"
1522936804113909830,,96,,1522936804,113539958,'',4,"""/ekf_se_odom""","""Transform from odom to base_link was unavailable for the time requested. Using latest\","""/home/eve/eve/eve_ws/src/robot_localization/src/ros_filter_utilities.cpp""","""RosFilterUtilities",127,"[/rosout, /diagnostics, /odometry/filtered_odom, /tf]"
1522936806119143469,,97,,1522936806,118809324,'',4,"""/ekf_se_odom""","""Transform from odom to base_link was unavailable for the time requested. Using latest\","""/home/eve/eve/eve_ws/src/robot_localization/src/ros_filter_utilities.cpp""","""RosFilterUtilities",127,"[/rosout, /diagnostics, /odometry/filtered_odom, /tf]"
1522936808124983606,,98,,1522936808,124557307,'',4,"""/ekf_se_odom""","""Transform from odom to base_link was unavailable for the time requested. Using latest\","""/home/eve/eve/eve_ws/src/robot_localization/src/ros_filter_utilities.cpp""","""RosFilterUtilities",127,"[/rosout, /diagnostics, /odometry/filtered_odom, /tf]"
1522936810164498441,,99,,1522936810,164043142,'',4,"""/ekf_se_odom""","""Transform from odom to base_link was unavailable for the time requested. Using latest\","""/home/eve/eve/eve_ws/src/robot_localization/src/ros_filter_utilities.cpp""","""RosFilterUtilities",127,"[/rosout, /diagnostics, /odometry/filtered_odom, /tf]"
1522936811723395898,,100,,1522936811,723134929,'',4,"""/ekf_se_map""","""Failed to meet update rate! Took 0.092176568000000000391 seconds. Try decreasing\","""/home/eve/eve/eve_ws/src/robot_localization/src/ros_filter.cpp""","""RosFilter<T>",1933,"[/rosout, /diagnostics, /odometry/filtered_map, /tf]"
1522936811726526692,,101,,1522936811,726309276,'',4,"""/ekf_se_odom""","""Failed to meet update rate! Took 0.061896543000000005252 seconds. Try decreasing\","""/home/eve/eve/eve_ws/src/robot_localization/src/ros_filter.cpp""","""RosFilter<T>",1933,"[/rosout, /diagnostics, /odometry/filtered_odom, /tf]"
1522936812196776112,,102,,1522936812,196460951,'',4,"""/ekf_se_odom""","""Transform from odom to base_link was unavailable for the time requested. Using latest\","""/home/eve/eve/eve_ws/src/robot_localization/src/ros_filter_utilities.cpp""","""RosFilterUtilities",127,"[/rosout, /diagnostics, /odometry/filtered_odom, /tf]"
1522936814201081820,,103,,1522936814,200789973,'',4,"""/ekf_se_odom""","""Transform from odom to base_link was unavailable for the time requested. Using latest\","""/home/eve/eve/eve_ws/src/robot_localization/src/ros_filter_utilities.cpp""","""RosFilterUtilities",127,"[/rosout, /diagnostics, /odometry/filtered_odom, /tf]"
1522936816206911144,,104,,1522936816,206482777,'',4,"""/ekf_se_odom""","""Transform from odom to base_link was unavailable for the time requested. Using latest\","""/home/eve/eve/eve_ws/src/robot_localization/src/ros_filter_utilities.cpp""","""RosFilterUtilities",127,"[/rosout, /diagnostics, /odometry/filtered_odom, /tf]"
1522936818211343626,,105,,1522936818,211018347,'',4,"""/ekf_se_odom""","""Transform from odom to base_link was unavailable for the time requested. Using latest\","""/home/eve/eve/eve_ws/src/robot_localization/src/ros_filter_utilities.cpp""","""RosFilterUtilities",127,"[/rosout, /diagnostics, /odometry/filtered_odom, /tf]"
1522936820216989909,,106,,1522936820,216556802,'',4,"""/ekf_se_odom""","""Transform from odom to base_link was unavailable for the time requested. Using latest\","""/home/eve/eve/eve_ws/src/robot_localization/src/ros_filter_utilities.cpp""","""RosFilterUtilities",127,"[/rosout, /diagnostics, /odometry/filtered_odom, /tf]"
1522936822221988603,,107,,1522936822,221564653,'',4,"""/ekf_se_odom""","""Transform from odom to base_link was unavailable for the time requested. Using latest\","""/home/eve/eve/eve_ws/src/robot_localization/src/ros_filter_utilities.cpp""","""RosFilterUtilities",127,"[/rosout, /diagnostics, /odometry/filtered_odom, /tf]"
1522936824227252370,,108,,1522936824,226799480,'',4,"""/ekf_se_odom""","""Transform from odom to base_link was unavailable for the time requested. Using latest\","""/home/eve/eve/eve_ws/src/robot_localization/src/ros_filter_utilities.cpp""","""RosFilterUtilities",127,"[/rosout, /diagnostics, /odometry/filtered_odom, /tf]"
1522936826265643013,,109,,1522936826,265209529,'',4,"""/ekf_se_odom""","""Transform from odom to base_link was unavailable for the time requested. Using latest\","""/home/eve/eve/eve_ws/src/robot_localization/src/ros_filter_utilities.cpp""","""RosFilterUtilities",127,"[/rosout, /diagnostics, /odometry/filtered_odom, /tf]"
1522936828272110156,,110,,1522936828,271591106,'',4,"""/ekf_se_odom""","""Transform from odom to base_link was unavailable for the time requested. Using latest\","""/home/eve/eve/eve_ws/src/robot_localization/src/ros_filter_utilities.cpp""","""RosFilterUtilities",127,"[/rosout, /diagnostics, /odometry/filtered_odom, /tf]"
1522936830277129591,,111,,1522936830,276713337,'',4,"""/ekf_se_odom""","""Transform from odom to base_link was unavailable for the time requested. Using latest\","""/home/eve/eve/eve_ws/src/robot_localization/src/ros_filter_utilities.cpp""","""RosFilterUtilities",127,"[/rosout, /diagnostics, /odometry/filtered_odom, /tf]"
1522936832316542138,,112,,1522936832,316155093,'',4,"""/ekf_se_odom""","""Transform from odom to base_link was unavailable for the time requested. Using latest\","""/home/eve/eve/eve_ws/src/robot_localization/src/ros_filter_utilities.cpp""","""RosFilterUtilities",127,"[/rosout, /diagnostics, /odometry/filtered_odom, /tf]"
1522936834320903592,,113,,1522936834,320588015,'',4,"""/ekf_se_odom""","""Transform from odom to base_link was unavailable for the time requested. Using latest\","""/home/eve/eve/eve_ws/src/robot_localization/src/ros_filter_utilities.cpp""","""RosFilterUtilities",127,"[/rosout, /diagnostics, /odometry/filtered_odom, /tf]"
1522936836326440596,,114,,1522936836,326115167,'',4,"""/ekf_se_odom""","""Transform from odom to base_link was unavailable for the time requested. Using latest\","""/home/eve/eve/eve_ws/src/robot_localization/src/ros_filter_utilities.cpp""","""RosFilterUtilities",127,"[/rosout, /diagnostics, /odometry/filtered_odom, /tf]"
1522936838365359531,,115,,1522936838,364979189,'',4,"""/ekf_se_odom""","""Transform from odom to base_link was unavailable for the time requested. Using latest\","""/home/eve/eve/eve_ws/src/robot_localization/src/ros_filter_utilities.cpp""","""RosFilterUtilities",127,"[/rosout, /diagnostics, /odometry/filtered_odom, /tf]"
1522936840370775856,,116,,1522936840,370398940,'',4,"""/ekf_se_odom""","""Transform from odom to base_link was unavailable for the time requested. Using latest\","""/home/eve/eve/eve_ws/src/robot_localization/src/ros_filter_utilities.cpp""","""RosFilterUtilities",127,"[/rosout, /diagnostics, /odometry/filtered_odom, /tf]"
1522936842376427960,,117,,1522936842,376058701,'',4,"""/ekf_se_odom""","""Transform from odom to base_link was unavailable for the time requested. Using latest\","""/home/eve/eve/eve_ws/src/robot_localization/src/ros_filter_utilities.cpp""","""RosFilterUtilities",127,"[/rosout, /diagnostics, /odometry/filtered_odom, /tf]"
1522936844415961693,,118,,1522936844,415573536,'',4,"""/ekf_se_odom""","""Transform from odom to base_link was unavailable for the time requested. Using latest\","""/home/eve/eve/eve_ws/src/robot_localization/src/ros_filter_utilities.cpp""","""RosFilterUtilities",127,"[/rosout, /diagnostics, /odometry/filtered_odom, /tf]"
1522936846420967147,,119,,1522936846,420537675,'',4,"""/ekf_se_odom""","""Transform from odom to base_link was unavailable for the time requested. Using latest\","""/home/eve/eve/eve_ws/src/robot_localization/src/ros_filter_utilities.cpp""","""RosFilterUtilities",127,"[/rosout, /diagnostics, /odometry/filtered_odom, /tf]"
1522936847551444981,,120,,1522936847,551260670,'',4,"""/ekf_se_map""","""Failed to meet update rate! Took 0.064209566000000009578 seconds. Try decreasing\","""/home/eve/eve/eve_ws/src/robot_localization/src/ros_filter.cpp""","""RosFilter<T>",1933,"[/rosout, /diagnostics, /odometry/filtered_map, /tf]"
1522936847555077631,,121,,1522936847,554813892,'',4,"""/ekf_se_odom""","""Failed to meet update rate! Took 0.0343653810000000004 seconds. Try decreasing the\","""/home/eve/eve/eve_ws/src/robot_localization/src/ros_filter.cpp""","""RosFilter<T>",1933,"[/rosout, /diagnostics, /odometry/filtered_odom, /tf]"
1522936848427335529,,122,,1522936848,426829045,'',4,"""/ekf_se_odom""","""Transform from odom to base_link was unavailable for the time requested. Using latest\","""/home/eve/eve/eve_ws/src/robot_localization/src/ros_filter_utilities.cpp""","""RosFilterUtilities",127,"[/rosout, /diagnostics, /odometry/filtered_odom, /tf]"
1522936850464621360,,123,,1522936850,464191327,'',4,"""/ekf_se_odom""","""Transform from odom to base_link was unavailable for the time requested. Using latest\","""/home/eve/eve/eve_ws/src/robot_localization/src/ros_filter_utilities.cpp""","""RosFilterUtilities",127,"[/rosout, /diagnostics, /odometry/filtered_odom, /tf]"
1522936852469322320,,124,,1522936852,468947408,'',4,"""/ekf_se_odom""","""Transform from odom to base_link was unavailable for the time requested. Using latest\","""/home/eve/eve/eve_ws/src/robot_localization/src/ros_filter_utilities.cpp""","""RosFilterUtilities",127,"[/rosout, /diagnostics, /odometry/filtered_odom, /tf]"
1522936854474228353,,125,,1522936854,473799558,'',4,"""/ekf_se_odom""","""Transform from odom to base_link was unavailable for the time requested. Using latest\","""/home/eve/eve/eve_ws/src/robot_localization/src/ros_filter_utilities.cpp""","""RosFilterUtilities",127,"[/rosout, /diagnostics, /odometry/filtered_odom, /tf]"
1522936856514266803,,126,,1522936856,513831431,'',4,"""/ekf_se_odom""","""Transform from odom to base_link was unavailable for the time requested. Using latest\","""/home/eve/eve/eve_ws/src/robot_localization/src/ros_filter_utilities.cpp""","""RosFilterUtilities",127,"[/rosout, /diagnostics, /odometry/filtered_odom, /tf]"
1522936858518071642,,127,,1522936858,517675498,'',4,"""/ekf_se_odom""","""Transform from odom to base_link was unavailable for the time requested. Using latest\","""/home/eve/eve/eve_ws/src/robot_localization/src/ros_filter_utilities.cpp""","""RosFilterUtilities",127,"[/rosout, /diagnostics, /odometry/filtered_odom, /tf]"
1522936860523142719,,128,,1522936860,522717507,'',4,"""/ekf_se_odom""","""Transform from odom to base_link was unavailable for the time requested. Using latest\","""/home/eve/eve/eve_ws/src/robot_localization/src/ros_filter_utilities.cpp""","""RosFilterUtilities",127,"[/rosout, /diagnostics, /odometry/filtered_odom, /tf]"
1522936862527975978,,129,,1522936862,527538534,'',4,"""/ekf_se_odom""","""Transform from odom to base_link was unavailable for the time requested. Using latest\","""/home/eve/eve/eve_ws/src/robot_localization/src/ros_filter_utilities.cpp""","""RosFilterUtilities",127,"[/rosout, /diagnostics, /odometry/filtered_odom, /tf]"
1522936864567348377,,130,,1522936864,566983329,'',4,"""/ekf_se_odom""","""Transform from odom to base_link was unavailable for the time requested. Using latest\","""/home/eve/eve/eve_ws/src/robot_localization/src/ros_filter_utilities.cpp""","""RosFilterUtilities",127,"[/rosout, /diagnostics, /odometry/filtered_odom, /tf]"
1522936866573475162,,131,,1522936866,573015774,'',4,"""/ekf_se_odom""","""Transform from odom to base_link was unavailable for the time requested. Using latest\","""/home/eve/eve/eve_ws/src/robot_localization/src/ros_filter_utilities.cpp""","""RosFilterUtilities",127,"[/rosout, /diagnostics, /odometry/filtered_odom, /tf]"
1522936866984206708,,132,,1522936866,983990515,'',4,"""/navsat_transform_node""","""Transform from base_link to map was unavailable for the time requested. Using latest\","""/home/eve/eve/eve_ws/src/robot_localization/src/ros_filter_utilities.cpp""","""RosFilterUtilities",127,"[/rosout, /tf_static, /odometry/gps, /gps/filtered]"
1522936868579071358,,133,,1522936868,578663239,'',4,"""/ekf_se_odom""","""Transform from odom to base_link was unavailable for the time requested. Using latest\","""/home/eve/eve/eve_ws/src/robot_localization/src/ros_filter_utilities.cpp""","""RosFilterUtilities",127,"[/rosout, /diagnostics, /odometry/filtered_odom, /tf]"
1522936870618069450,,134,,1522936870,617629050,'',4,"""/ekf_se_odom""","""Transform from odom to base_link was unavailable for the time requested. Using latest\","""/home/eve/eve/eve_ws/src/robot_localization/src/ros_filter_utilities.cpp""","""RosFilterUtilities",127,"[/rosout, /diagnostics, /odometry/filtered_odom, /tf]"
1522936872623730399,,135,,1522936872,623285556,'',4,"""/ekf_se_odom""","""Transform from odom to base_link was unavailable for the time requested. Using latest\","""/home/eve/eve/eve_ws/src/robot_localization/src/ros_filter_utilities.cpp""","""RosFilterUtilities",127,"[/rosout, /diagnostics, /odometry/filtered_odom, /tf]"
1522936873151314714,,136,,1522936873,150964020,'',4,"""/ekf_se_map""","""Failed to meet update rate! Took 0.062772641000000004019 seconds. Try decreasing\","""/home/eve/eve/eve_ws/src/robot_localization/src/ros_filter.cpp""","""RosFilter<T>",1933,"[/rosout, /diagnostics, /odometry/filtered_map, /tf]"
1522936873156976216,,137,,1522936873,156798249,'',4,"""/ekf_se_odom""","""Failed to meet update rate! Took 0.03517630199999999957 seconds. Try decreasing the\","""/home/eve/eve/eve_ws/src/robot_localization/src/ros_filter.cpp""","""RosFilter<T>",1933,"[/rosout, /diagnostics, /odometry/filtered_odom, /tf]"
1522936874663375906,,138,,1522936874,663081594,'',4,"""/ekf_se_odom""","""Transform from odom to base_link was unavailable for the time requested. Using latest\","""/home/eve/eve/eve_ws/src/robot_localization/src/ros_filter_utilities.cpp""","""RosFilterUtilities",127,"[/rosout, /diagnostics, /odometry/filtered_odom, /tf]"
1522936876668590534,,139,,1522936876,668170566,'',4,"""/ekf_se_odom""","""Transform from odom to base_link was unavailable for the time requested. Using latest\","""/home/eve/eve/eve_ws/src/robot_localization/src/ros_filter_utilities.cpp""","""RosFilterUtilities",127,"[/rosout, /diagnostics, /odometry/filtered_odom, /tf]"
1522936878673146379,,140,,1522936878,672656891,'',4,"""/ekf_se_odom""","""Transform from odom to base_link was unavailable for the time requested. Using latest\","""/home/eve/eve/eve_ws/src/robot_localization/src/ros_filter_utilities.cpp""","""RosFilterUtilities",127,"[/rosout, /diagnostics, /odometry/filtered_odom, /tf]"
1522936880677389620,,141,,1522936880,677044472,'',4,"""/ekf_se_odom""","""Transform from odom to base_link was unavailable for the time requested. Using latest\","""/home/eve/eve/eve_ws/src/robot_localization/src/ros_filter_utilities.cpp""","""RosFilterUtilities",127,"[/rosout, /diagnostics, /odometry/filtered_odom, /tf]"
1522936882715831066,,142,,1522936882,715405101,'',4,"""/ekf_se_odom""","""Transform from odom to base_link was unavailable for the time requested. Using latest\","""/home/eve/eve/eve_ws/src/robot_localization/src/ros_filter_utilities.cpp""","""RosFilterUtilities",127,"[/rosout, /diagnostics, /odometry/filtered_odom, /tf]"
1522936884721139499,,143,,1522936884,720688604,'',4,"""/ekf_se_odom""","""Transform from odom to base_link was unavailable for the time requested. Using latest\","""/home/eve/eve/eve_ws/src/robot_localization/src/ros_filter_utilities.cpp""","""RosFilterUtilities",127,"[/rosout, /diagnostics, /odometry/filtered_odom, /tf]"
1522936886725642242,,144,,1522936886,725199423,'',4,"""/ekf_se_odom""","""Transform from odom to base_link was unavailable for the time requested. Using latest\","""/home/eve/eve/eve_ws/src/robot_localization/src/ros_filter_utilities.cpp""","""RosFilterUtilities",127,"[/rosout, /diagnostics, /odometry/filtered_odom, /tf]"
1522936888764418651,,145,,1522936888,763826573,'',4,"""/ekf_se_odom""","""Transform from odom to base_link was unavailable for the time requested. Using latest\","""/home/eve/eve/eve_ws/src/robot_localization/src/ros_filter_utilities.cpp""","""RosFilterUtilities",127,"[/rosout, /diagnostics, /odometry/filtered_odom, /tf]"
1522936890769505390,,146,,1522936890,769118794,'',4,"""/ekf_se_odom""","""Transform from odom to base_link was unavailable for the time requested. Using latest\","""/home/eve/eve/eve_ws/src/robot_localization/src/ros_filter_utilities.cpp""","""RosFilterUtilities",127,"[/rosout, /diagnostics, /odometry/filtered_odom, /tf]"
1522936892774292625,,147,,1522936892,773920963,'',4,"""/ekf_se_odom""","""Transform from odom to base_link was unavailable for the time requested. Using latest\","""/home/eve/eve/eve_ws/src/robot_localization/src/ros_filter_utilities.cpp""","""RosFilterUtilities",127,"[/rosout, /diagnostics, /odometry/filtered_odom, /tf]"
1522936894812367780,,148,,1522936894,812127981,'',4,"""/ekf_se_odom""","""Transform from odom to base_link was unavailable for the time requested. Using latest\","""/home/eve/eve/eve_ws/src/robot_localization/src/ros_filter_utilities.cpp""","""RosFilterUtilities",127,"[/rosout, /diagnostics, /odometry/filtered_odom, /tf]"
1522936896818591694,,149,,1522936896,818164463,'',4,"""/ekf_se_odom""","""Transform from odom to base_link was unavailable for the time requested. Using latest\","""/home/eve/eve/eve_ws/src/robot_localization/src/ros_filter_utilities.cpp""","""RosFilterUtilities",127,"[/rosout, /diagnostics, /odometry/filtered_odom, /tf]"
1522936898824325540,,150,,1522936898,823814790,'',4,"""/ekf_se_odom""","""Transform from odom to base_link was unavailable for the time requested. Using latest\","""/home/eve/eve/eve_ws/src/robot_localization/src/ros_filter_utilities.cpp""","""RosFilterUtilities",127,"[/rosout, /diagnostics, /odometry/filtered_odom, /tf]"
1522936900863849962,,151,,1522936900,863403925,'',4,"""/ekf_se_odom""","""Transform from odom to base_link was unavailable for the time requested. Using latest\","""/home/eve/eve/eve_ws/src/robot_localization/src/ros_filter_utilities.cpp""","""RosFilterUtilities",127,"[/rosout, /diagnostics, /odometry/filtered_odom, /tf]"
1522936902868257410,,152,,1522936902,867777204,'',4,"""/ekf_se_odom""","""Transform from odom to base_link was unavailable for the time requested. Using latest\","""/home/eve/eve/eve_ws/src/robot_localization/src/ros_filter_utilities.cpp""","""RosFilterUtilities",127,"[/rosout, /diagnostics, /odometry/filtered_odom, /tf]"
1522936904874055585,,153,,1522936904,873734603,'',4,"""/ekf_se_odom""","""Transform from odom to base_link was unavailable for the time requested. Using latest\","""/home/eve/eve/eve_ws/src/robot_localization/src/ros_filter_utilities.cpp""","""RosFilterUtilities",127,"[/rosout, /diagnostics, /odometry/filtered_odom, /tf]"
1522936906914090513,,154,,1522936906,913611556,'',4,"""/ekf_se_odom""","""Transform from odom to base_link was unavailable for the time requested. Using latest\","""/home/eve/eve/eve_ws/src/robot_localization/src/ros_filter_utilities.cpp""","""RosFilterUtilities",127,"[/rosout, /diagnostics, /odometry/filtered_odom, /tf]"
1522936908918096058,,155,,1522936908,917727399,'',4,"""/ekf_se_odom""","""Transform from odom to base_link was unavailable for the time requested. Using latest\","""/home/eve/eve/eve_ws/src/robot_localization/src/ros_filter_utilities.cpp""","""RosFilterUtilities",127,"[/rosout, /diagnostics, /odometry/filtered_odom, /tf]"
1522936910924028424,,156,,1522936910,923594905,'',4,"""/ekf_se_odom""","""Transform from odom to base_link was unavailable for the time requested. Using latest\","""/home/eve/eve/eve_ws/src/robot_localization/src/ros_filter_utilities.cpp""","""RosFilterUtilities",127,"[/rosout, /diagnostics, /odometry/filtered_odom, /tf]"
1522936912928330016,,157,,1522936912,927834753,'',4,"""/ekf_se_odom""","""Transform from odom to base_link was unavailable for the time requested. Using latest\","""/home/eve/eve/eve_ws/src/robot_localization/src/ros_filter_utilities.cpp""","""RosFilterUtilities",127,"[/rosout, /diagnostics, /odometry/filtered_odom, /tf]"
1522936914967708047,,158,,1522936914,967349190,'',4,"""/ekf_se_odom""","""Transform from odom to base_link was unavailable for the time requested. Using latest\","""/home/eve/eve/eve_ws/src/robot_localization/src/ros_filter_utilities.cpp""","""RosFilterUtilities",127,"[/rosout, /diagnostics, /odometry/filtered_odom, /tf]"
1522936916973622250,,159,,1522936916,973189122,'',4,"""/ekf_se_odom""","""Transform from odom to base_link was unavailable for the time requested. Using latest\","""/home/eve/eve/eve_ws/src/robot_localization/src/ros_filter_utilities.cpp""","""RosFilterUtilities",127,"[/rosout, /diagnostics, /odometry/filtered_odom, /tf]"
1522936918979343361,,160,,1522936918,978807691,'',4,"""/ekf_se_odom""","""Transform from odom to base_link was unavailable for the time requested. Using latest\","""/home/eve/eve/eve_ws/src/robot_localization/src/ros_filter_utilities.cpp""","""RosFilterUtilities",127,"[/rosout, /diagnostics, /odometry/filtered_odom, /tf]"
1522936921016821326,,161,,1522936921,16318367,'',4,"""/ekf_se_odom""","""Transform from odom to base_link was unavailable for the time requested. Using latest\","""/home/eve/eve/eve_ws/src/robot_localization/src/ros_filter_utilities.cpp""","""RosFilterUtilities",127,"[/rosout, /diagnostics, /odometry/filtered_odom, /tf]"
1522936923023538867,,162,,1522936923,23042362,'',4,"""/ekf_se_odom""","""Transform from odom to base_link was unavailable for the time requested. Using latest\","""/home/eve/eve/eve_ws/src/robot_localization/src/ros_filter_utilities.cpp""","""RosFilterUtilities",127,"[/rosout, /diagnostics, /odometry/filtered_odom, /tf]"
1522936925028673528,,163,,1522936925,28291067,'',4,"""/ekf_se_odom""","""Transform from odom to base_link was unavailable for the time requested. Using latest\","""/home/eve/eve/eve_ws/src/robot_localization/src/ros_filter_utilities.cpp""","""RosFilterUtilities",127,"[/rosout, /diagnostics, /odometry/filtered_odom, /tf]"
1522936927066752599,,164,,1522936927,66432198,'',4,"""/ekf_se_odom""","""Transform from odom to base_link was unavailable for the time requested. Using latest\","""/home/eve/eve/eve_ws/src/robot_localization/src/ros_filter_utilities.cpp""","""RosFilterUtilities",127,"[/rosout, /diagnostics, /odometry/filtered_odom, /tf]"
1522936929072034719,,165,,1522936929,71593136,'',4,"""/ekf_se_odom""","""Transform from odom to base_link was unavailable for the time requested. Using latest\","""/home/eve/eve/eve_ws/src/robot_localization/src/ros_filter_utilities.cpp""","""RosFilterUtilities",127,"[/rosout, /diagnostics, /odometry/filtered_odom, /tf]"
1522936931076908196,,166,,1522936931,76569941,'',4,"""/ekf_se_odom""","""Transform from odom to base_link was unavailable for the time requested. Using latest\","""/home/eve/eve/eve_ws/src/robot_localization/src/ros_filter_utilities.cpp""","""RosFilterUtilities",127,"[/rosout, /diagnostics, /odometry/filtered_odom, /tf]"
1522936933116022142,,167,,1522936933,115596566,'',4,"""/ekf_se_odom""","""Transform from odom to base_link was unavailable for the time requested. Using latest\","""/home/eve/eve/eve_ws/src/robot_localization/src/ros_filter_utilities.cpp""","""RosFilterUtilities",127,"[/rosout, /diagnostics, /odometry/filtered_odom, /tf]"
1522936934559495082,,168,,1522936934,559231245,'',4,"""/ekf_se_odom""","""Failed to meet update rate! Took 0.042593925000000004699 seconds. Try decreasing\","""/home/eve/eve/eve_ws/src/robot_localization/src/ros_filter.cpp""","""RosFilter<T>",1933,"[/rosout, /diagnostics, /odometry/filtered_odom, /tf]"
1522936934559503454,,169,,1522936934,559255436,'',4,"""/ekf_se_map""","""Failed to meet update rate! Took 0.042531611000000003886 seconds. Try decreasing\","""/home/eve/eve/eve_ws/src/robot_localization/src/ros_filter.cpp""","""RosFilter<T>",1933,"[/rosout, /diagnostics, /odometry/filtered_map, /tf]"
1522936935164471118,,170,,1522936935,164059389,'',4,"""/ekf_se_odom""","""Transform from odom to base_link was unavailable for the time requested. Using latest\","""/home/eve/eve/eve_ws/src/robot_localization/src/ros_filter_utilities.cpp""","""RosFilterUtilities",127,"[/rosout, /diagnostics, /odometry/filtered_odom, /tf]"
1522936937169443082,,171,,1522936937,169035230,'',4,"""/ekf_se_odom""","""Transform from odom to base_link was unavailable for the time requested. Using latest\","""/home/eve/eve/eve_ws/src/robot_localization/src/ros_filter_utilities.cpp""","""RosFilterUtilities",127,"[/rosout, /diagnostics, /odometry/filtered_odom, /tf]"
1522936939175533371,,172,,1522936939,175084950,'',4,"""/ekf_se_odom""","""Transform from odom to base_link was unavailable for the time requested. Using latest\","""/home/eve/eve/eve_ws/src/robot_localization/src/ros_filter_utilities.cpp""","""RosFilterUtilities",127,"[/rosout, /diagnostics, /odometry/filtered_odom, /tf]"
1522936941214576775,,173,,1522936941,214119030,'',4,"""/ekf_se_odom""","""Transform from odom to base_link was unavailable for the time requested. Using latest\","""/home/eve/eve/eve_ws/src/robot_localization/src/ros_filter_utilities.cpp""","""RosFilterUtilities",127,"[/rosout, /diagnostics, /odometry/filtered_odom, /tf]"
1522936943219492108,,174,,1522936943,219146522,'',4,"""/ekf_se_odom""","""Transform from odom to base_link was unavailable for the time requested. Using latest\","""/home/eve/eve/eve_ws/src/robot_localization/src/ros_filter_utilities.cpp""","""RosFilterUtilities",127,"[/rosout, /diagnostics, /odometry/filtered_odom, /tf]"
1522936945225200574,,175,,1522936945,224820982,'',4,"""/ekf_se_odom""","""Transform from odom to base_link was unavailable for the time requested. Using latest\","""/home/eve/eve/eve_ws/src/robot_localization/src/ros_filter_utilities.cpp""","""RosFilterUtilities",127,"[/rosout, /diagnostics, /odometry/filtered_odom, /tf]"
1522936947264279486,,176,,1522936947,263887407,'',4,"""/ekf_se_odom""","""Transform from odom to base_link was unavailable for the time requested. Using latest\","""/home/eve/eve/eve_ws/src/robot_localization/src/ros_filter_utilities.cpp""","""RosFilterUtilities",127,"[/rosout, /diagnostics, /odometry/filtered_odom, /tf]"
1522936949269748570,,177,,1522936949,269373927,'',4,"""/ekf_se_odom""","""Transform from odom to base_link was unavailable for the time requested. Using latest\","""/home/eve/eve/eve_ws/src/robot_localization/src/ros_filter_utilities.cpp""","""RosFilterUtilities",127,"[/rosout, /diagnostics, /odometry/filtered_odom, /tf]"
1522936951275653732,,178,,1522936951,275185466,'',4,"""/ekf_se_odom""","""Transform from odom to base_link was unavailable for the time requested. Using latest\","""/home/eve/eve/eve_ws/src/robot_localization/src/ros_filter_utilities.cpp""","""RosFilterUtilities",127,"[/rosout, /diagnostics, /odometry/filtered_odom, /tf]"
1522936951984324497,,179,,1522936951,984047007,'',4,"""/navsat_transform_node""","""Transform from base_link to map was unavailable for the time requested. Using latest\","""/home/eve/eve/eve_ws/src/robot_localization/src/ros_filter_utilities.cpp""","""RosFilterUtilities",127,"[/rosout, /tf_static, /odometry/gps, /gps/filtered]"
1522936953314646782,,180,,1522936953,314136037,'',4,"""/ekf_se_odom""","""Transform from odom to base_link was unavailable for the time requested. Using latest\","""/home/eve/eve/eve_ws/src/robot_localization/src/ros_filter_utilities.cpp""","""RosFilterUtilities",127,"[/rosout, /diagnostics, /odometry/filtered_odom, /tf]"
1522936955319759901,,181,,1522936955,319382560,'',4,"""/ekf_se_odom""","""Transform from odom to base_link was unavailable for the time requested. Using latest\","""/home/eve/eve/eve_ws/src/robot_localization/src/ros_filter_utilities.cpp""","""RosFilterUtilities",127,"[/rosout, /diagnostics, /odometry/filtered_odom, /tf]"
1522936957326020572,,182,,1522936957,325598169,'',4,"""/ekf_se_odom""","""Transform from odom to base_link was unavailable for the time requested. Using latest\","""/home/eve/eve/eve_ws/src/robot_localization/src/ros_filter_utilities.cpp""","""RosFilterUtilities",127,"[/rosout, /diagnostics, /odometry/filtered_odom, /tf]"
1522936959364399731,,183,,1522936959,364023725,'',4,"""/ekf_se_odom""","""Transform from odom to base_link was unavailable for the time requested. Using latest\","""/home/eve/eve/eve_ws/src/robot_localization/src/ros_filter_utilities.cpp""","""RosFilterUtilities",127,"[/rosout, /diagnostics, /odometry/filtered_odom, /tf]"
1522936961370339382,,184,,1522936961,369842567,'',4,"""/ekf_se_odom""","""Transform from odom to base_link was unavailable for the time requested. Using latest\","""/home/eve/eve/eve_ws/src/robot_localization/src/ros_filter_utilities.cpp""","""RosFilterUtilities",127,"[/rosout, /diagnostics, /odometry/filtered_odom, /tf]"
1522936963375388725,,185,,1522936963,374986156,'',4,"""/ekf_se_odom""","""Transform from odom to base_link was unavailable for the time requested. Using latest\","""/home/eve/eve/eve_ws/src/robot_localization/src/ros_filter_utilities.cpp""","""RosFilterUtilities",127,"[/rosout, /diagnostics, /odometry/filtered_odom, /tf]"
1522936965413601143,,186,,1522936965,413256567,'',4,"""/ekf_se_odom""","""Transform from odom to base_link was unavailable for the time requested. Using latest\","""/home/eve/eve/eve_ws/src/robot_localization/src/ros_filter_utilities.cpp""","""RosFilterUtilities",127,"[/rosout, /diagnostics, /odometry/filtered_odom, /tf]"
1522936967418955741,,187,,1522936967,418557837,'',4,"""/ekf_se_odom""","""Transform from odom to base_link was unavailable for the time requested. Using latest\","""/home/eve/eve/eve_ws/src/robot_localization/src/ros_filter_utilities.cpp""","""RosFilterUtilities",127,"[/rosout, /diagnostics, /odometry/filtered_odom, /tf]"
1522936969423920231,,188,,1522936969,423476630,'',4,"""/ekf_se_odom""","""Transform from odom to base_link was unavailable for the time requested. Using latest\","""/home/eve/eve/eve_ws/src/robot_localization/src/ros_filter_utilities.cpp""","""RosFilterUtilities",127,"[/rosout, /diagnostics, /odometry/filtered_odom, /tf]"
1522936970452669642,,189,,1522936970,452432427,'',4,"""/ekf_se_map""","""Failed to meet update rate! Took 0.095854146000000001182 seconds. Try decreasing\","""/home/eve/eve/eve_ws/src/robot_localization/src/ros_filter.cpp""","""RosFilter<T>",1933,"[/rosout, /diagnostics, /odometry/filtered_map, /tf]"
1522936970453917369,,190,,1522936970,453715225,'',4,"""/ekf_se_odom""","""Failed to meet update rate! Took 0.097229944000000012583 seconds. Try decreasing\","""/home/eve/eve/eve_ws/src/robot_localization/src/ros_filter.cpp""","""RosFilter<T>",1933,"[/rosout, /diagnostics, /odometry/filtered_odom, /tf]"
1522936971426688937,,191,,1522936971,426174257,'',4,"""/ekf_se_odom""","""Transform from odom to base_link was unavailable for the time requested. Using latest\","""/home/eve/eve/eve_ws/src/robot_localization/src/ros_filter_utilities.cpp""","""RosFilterUtilities",127,"[/rosout, /diagnostics, /odometry/filtered_odom, /tf]"
1522936973464563269,,192,,1522936973,464133926,'',4,"""/ekf_se_odom""","""Transform from odom to base_link was unavailable for the time requested. Using latest\","""/home/eve/eve/eve_ws/src/robot_localization/src/ros_filter_utilities.cpp""","""RosFilterUtilities",127,"[/rosout, /diagnostics, /odometry/filtered_odom, /tf]"
1522936975470232522,,193,,1522936975,469776285,'',4,"""/ekf_se_odom""","""Transform from odom to base_link was unavailable for the time requested. Using latest\","""/home/eve/eve/eve_ws/src/robot_localization/src/ros_filter_utilities.cpp""","""RosFilterUtilities",127,"[/rosout, /diagnostics, /odometry/filtered_odom, /tf]"
1522936977476550883,,194,,1522936977,475969727,'',4,"""/ekf_se_odom""","""Transform from odom to base_link was unavailable for the time requested. Using latest\","""/home/eve/eve/eve_ws/src/robot_localization/src/ros_filter_utilities.cpp""","""RosFilterUtilities",127,"[/rosout, /diagnostics, /odometry/filtered_odom, /tf]"
1522936979514967790,,195,,1522936979,514520278,'',4,"""/ekf_se_odom""","""Transform from odom to base_link was unavailable for the time requested. Using latest\","""/home/eve/eve/eve_ws/src/robot_localization/src/ros_filter_utilities.cpp""","""RosFilterUtilities",127,"[/rosout, /diagnostics, /odometry/filtered_odom, /tf]"
1522936981520057400,,196,,1522936981,519718650,'',4,"""/ekf_se_odom""","""Transform from odom to base_link was unavailable for the time requested. Using latest\","""/home/eve/eve/eve_ws/src/robot_localization/src/ros_filter_utilities.cpp""","""RosFilterUtilities",127,"[/rosout, /diagnostics, /odometry/filtered_odom, /tf]"
1522936983525041667,,197,,1522936983,524713048,'',4,"""/ekf_se_odom""","""Transform from odom to base_link was unavailable for the time requested. Using latest\","""/home/eve/eve/eve_ws/src/robot_localization/src/ros_filter_utilities.cpp""","""RosFilterUtilities",127,"[/rosout, /diagnostics, /odometry/filtered_odom, /tf]"
1522936985563964864,,198,,1522936985,563667547,'',4,"""/ekf_se_odom""","""Transform from odom to base_link was unavailable for the time requested. Using latest\","""/home/eve/eve/eve_ws/src/robot_localization/src/ros_filter_utilities.cpp""","""RosFilterUtilities",127,"[/rosout, /diagnostics, /odometry/filtered_odom, /tf]"
1522936987569619983,,199,,1522936987,569208753,'',4,"""/ekf_se_odom""","""Transform from odom to base_link was unavailable for the time requested. Using latest\","""/home/eve/eve/eve_ws/src/robot_localization/src/ros_filter_utilities.cpp""","""RosFilterUtilities",127,"[/rosout, /diagnostics, /odometry/filtered_odom, /tf]"
1522936989574490869,,200,,1522936989,574113768,'',4,"""/ekf_se_odom""","""Transform from odom to base_link was unavailable for the time requested. Using latest\","""/home/eve/eve/eve_ws/src/robot_localization/src/ros_filter_utilities.cpp""","""RosFilterUtilities",127,"[/rosout, /diagnostics, /odometry/filtered_odom, /tf]"
1522936991613629582,,201,,1522936991,613277393,'',4,"""/ekf_se_odom""","""Transform from odom to base_link was unavailable for the time requested. Using latest\","""/home/eve/eve/eve_ws/src/robot_localization/src/ros_filter_utilities.cpp""","""RosFilterUtilities",127,"[/rosout, /diagnostics, /odometry/filtered_odom, /tf]"
1522936993618914085,,202,,1522936993,618579998,'',4,"""/ekf_se_odom""","""Transform from odom to base_link was unavailable for the time requested. Using latest\","""/home/eve/eve/eve_ws/src/robot_localization/src/ros_filter_utilities.cpp""","""RosFilterUtilities",127,"[/rosout, /diagnostics, /odometry/filtered_odom, /tf]"
1522936995624347603,,203,,1522936995,623954585,'',4,"""/ekf_se_odom""","""Transform from odom to base_link was unavailable for the time requested. Using latest\","""/home/eve/eve/eve_ws/src/robot_localization/src/ros_filter_utilities.cpp""","""RosFilterUtilities",127,"[/rosout, /diagnostics, /odometry/filtered_odom, /tf]"
1522936997661853314,,204,,1522936997,661641062,'',4,"""/ekf_se_odom""","""Transform from odom to base_link was unavailable for the time requested. Using latest\","""/home/eve/eve/eve_ws/src/robot_localization/src/ros_filter_utilities.cpp""","""RosFilterUtilities",127,"[/rosout, /diagnostics, /odometry/filtered_odom, /tf]"
1522936999667968402,,205,,1522936999,667612076,'',4,"""/ekf_se_odom""","""Transform from odom to base_link was unavailable for the time requested. Using latest\","""/home/eve/eve/eve_ws/src/robot_localization/src/ros_filter_utilities.cpp""","""RosFilterUtilities",127,"[/rosout, /diagnostics, /odometry/filtered_odom, /tf]"
1522937001150498493,,206,,1522937001,150333127,'',4,"""/ekf_se_map""","""Failed to meet update rate! Took 0.08190593900000001093 seconds. Try decreasing the\","""/home/eve/eve/eve_ws/src/robot_localization/src/ros_filter.cpp""","""RosFilter<T>",1933,"[/rosout, /diagnostics, /odometry/filtered_map, /tf]"
1522937001152619898,,207,,1522937001,152431451,'',4,"""/ekf_se_odom""","""Failed to meet update rate! Took 0.084132460000000006128 seconds. Try decreasing\","""/home/eve/eve/eve_ws/src/robot_localization/src/ros_filter.cpp""","""RosFilter<T>",1933,"[/rosout, /diagnostics, /odometry/filtered_odom, /tf]"
1522937001725379885,,208,,1522937001,724889953,'',4,"""/ekf_se_odom""","""Transform from odom to base_link was unavailable for the time requested. Using latest\","""/home/eve/eve/eve_ws/src/robot_localization/src/ros_filter_utilities.cpp""","""RosFilterUtilities",127,"[/rosout, /diagnostics, /odometry/filtered_odom, /tf]"
1522937003728314296,,209,,1522937003,727956407,'',4,"""/ekf_se_odom""","""Transform from odom to base_link was unavailable for the time requested. Using latest\","""/home/eve/eve/eve_ws/src/robot_localization/src/ros_filter_utilities.cpp""","""RosFilterUtilities",127,"[/rosout, /diagnostics, /odometry/filtered_odom, /tf]"
1522937005766149023,,210,,1522937005,765759332,'',4,"""/ekf_se_odom""","""Transform from odom to base_link was unavailable for the time requested. Using latest\","""/home/eve/eve/eve_ws/src/robot_localization/src/ros_filter_utilities.cpp""","""RosFilterUtilities",127,"[/rosout, /diagnostics, /odometry/filtered_odom, /tf]"
1522937007770833575,,211,,1522937007,770439559,'',4,"""/ekf_se_odom""","""Transform from odom to base_link was unavailable for the time requested. Using latest\","""/home/eve/eve/eve_ws/src/robot_localization/src/ros_filter_utilities.cpp""","""RosFilterUtilities",127,"[/rosout, /diagnostics, /odometry/filtered_odom, /tf]"
1522937009776137606,,212,,1522937009,775800803,'',4,"""/ekf_se_odom""","""Transform from odom to base_link was unavailable for the time requested. Using latest\","""/home/eve/eve/eve_ws/src/robot_localization/src/ros_filter_utilities.cpp""","""RosFilterUtilities",127,"[/rosout, /diagnostics, /odometry/filtered_odom, /tf]"
1522937011815108165,,213,,1522937011,814671077,'',4,"""/ekf_se_odom""","""Transform from odom to base_link was unavailable for the time requested. Using latest\","""/home/eve/eve/eve_ws/src/robot_localization/src/ros_filter_utilities.cpp""","""RosFilterUtilities",127,"[/rosout, /diagnostics, /odometry/filtered_odom, /tf]"
1522937013820617512,,214,,1522937013,820187389,'',4,"""/ekf_se_odom""","""Transform from odom to base_link was unavailable for the time requested. Using latest\","""/home/eve/eve/eve_ws/src/robot_localization/src/ros_filter_utilities.cpp""","""RosFilterUtilities",127,"[/rosout, /diagnostics, /odometry/filtered_odom, /tf]"
1522937015825827723,,215,,1522937015,825471695,'',4,"""/ekf_se_odom""","""Transform from odom to base_link was unavailable for the time requested. Using latest\","""/home/eve/eve/eve_ws/src/robot_localization/src/ros_filter_utilities.cpp""","""RosFilterUtilities",127,"[/rosout, /diagnostics, /odometry/filtered_odom, /tf]"
1522937017864716978,,216,,1522937017,864335522,'',4,"""/ekf_se_odom""","""Transform from odom to base_link was unavailable for the time requested. Using latest\","""/home/eve/eve/eve_ws/src/robot_localization/src/ros_filter_utilities.cpp""","""RosFilterUtilities",127,"[/rosout, /diagnostics, /odometry/filtered_odom, /tf]"
1522937019870875211,,217,,1522937019,870402292,'',4,"""/ekf_se_odom""","""Transform from odom to base_link was unavailable for the time requested. Using latest\","""/home/eve/eve/eve_ws/src/robot_localization/src/ros_filter_utilities.cpp""","""RosFilterUtilities",127,"[/rosout, /diagnostics, /odometry/filtered_odom, /tf]"
1522937021875474727,,218,,1522937021,875131017,'',4,"""/ekf_se_odom""","""Transform from odom to base_link was unavailable for the time requested. Using latest\","""/home/eve/eve/eve_ws/src/robot_localization/src/ros_filter_utilities.cpp""","""RosFilterUtilities",127,"[/rosout, /diagnostics, /odometry/filtered_odom, /tf]"
1522937023915059711,,219,,1522937023,914625103,'',4,"""/ekf_se_odom""","""Transform from odom to base_link was unavailable for the time requested. Using latest\","""/home/eve/eve/eve_ws/src/robot_localization/src/ros_filter_utilities.cpp""","""RosFilterUtilities",127,"[/rosout, /diagnostics, /odometry/filtered_odom, /tf]"
1522937025919435371,,220,,1522937025,919070237,'',4,"""/ekf_se_odom""","""Transform from odom to base_link was unavailable for the time requested. Using latest\","""/home/eve/eve/eve_ws/src/robot_localization/src/ros_filter_utilities.cpp""","""RosFilterUtilities",127,"[/rosout, /diagnostics, /odometry/filtered_odom, /tf]"
1522937027926214072,,221,,1522937027,925680209,'',4,"""/ekf_se_odom""","""Transform from odom to base_link was unavailable for the time requested. Using latest\","""/home/eve/eve/eve_ws/src/robot_localization/src/ros_filter_utilities.cpp""","""RosFilterUtilities",127,"[/rosout, /diagnostics, /odometry/filtered_odom, /tf]"
1522937029964056597,,222,,1522937029,963692917,'',4,"""/ekf_se_odom""","""Transform from odom to base_link was unavailable for the time requested. Using latest\","""/home/eve/eve/eve_ws/src/robot_localization/src/ros_filter_utilities.cpp""","""RosFilterUtilities",127,"[/rosout, /diagnostics, /odometry/filtered_odom, /tf]"
1522937031968571966,,223,,1522937031,968242772,'',4,"""/ekf_se_odom""","""Transform from odom to base_link was unavailable for the time requested. Using latest\","""/home/eve/eve/eve_ws/src/robot_localization/src/ros_filter_utilities.cpp""","""RosFilterUtilities",127,"[/rosout, /diagnostics, /odometry/filtered_odom, /tf]"
1522937033974829170,,224,,1522937033,974337968,'',4,"""/ekf_se_odom""","""Transform from odom to base_link was unavailable for the time requested. Using latest\","""/home/eve/eve/eve_ws/src/robot_localization/src/ros_filter_utilities.cpp""","""RosFilterUtilities",127,"[/rosout, /diagnostics, /odometry/filtered_odom, /tf]"
1522937036013799962,,225,,1522937036,13325499,'',4,"""/ekf_se_odom""","""Transform from odom to base_link was unavailable for the time requested. Using latest\","""/home/eve/eve/eve_ws/src/robot_localization/src/ros_filter_utilities.cpp""","""RosFilterUtilities",127,"[/rosout, /diagnostics, /odometry/filtered_odom, /tf]"
1522937038018575519,,226,,1522937038,18192079,'',4,"""/ekf_se_odom""","""Transform from odom to base_link was unavailable for the time requested. Using latest\","""/home/eve/eve/eve_ws/src/robot_localization/src/ros_filter_utilities.cpp""","""RosFilterUtilities",127,"[/rosout, /diagnostics, /odometry/filtered_odom, /tf]"
1522937040023687486,,227,,1522937040,23209018,'',4,"""/ekf_se_odom""","""Transform from odom to base_link was unavailable for the time requested. Using latest\","""/home/eve/eve/eve_ws/src/robot_localization/src/ros_filter_utilities.cpp""","""RosFilterUtilities",127,"[/rosout, /diagnostics, /odometry/filtered_odom, /tf]"
1522937042063064422,,228,,1522937042,62621693,'',4,"""/ekf_se_odom""","""Transform from odom to base_link was unavailable for the time requested. Using latest\","""/home/eve/eve/eve_ws/src/robot_localization/src/ros_filter_utilities.cpp""","""RosFilterUtilities",127,"[/rosout, /diagnostics, /odometry/filtered_odom, /tf]"
1522937044068266412,,229,,1522937044,67939860,'',4,"""/ekf_se_odom""","""Transform from odom to base_link was unavailable for the time requested. Using latest\","""/home/eve/eve/eve_ws/src/robot_localization/src/ros_filter_utilities.cpp""","""RosFilterUtilities",127,"[/rosout, /diagnostics, /odometry/filtered_odom, /tf]"
1522937046075237367,,230,,1522937046,74701893,'',4,"""/ekf_se_odom""","""Transform from odom to base_link was unavailable for the time requested. Using latest\","""/home/eve/eve/eve_ws/src/robot_localization/src/ros_filter_utilities.cpp""","""RosFilterUtilities",127,"[/rosout, /diagnostics, /odometry/filtered_odom, /tf]"
1522937046984496353,,231,,1522937046,984096369,'',4,"""/navsat_transform_node""","""Transform from base_link to map was unavailable for the time requested. Using latest\","""/home/eve/eve/eve_ws/src/robot_localization/src/ros_filter_utilities.cpp""","""RosFilterUtilities",127,"[/rosout, /tf_static, /odometry/gps, /gps/filtered]"
1522937048113668661,,232,,1522937048,113260590,'',4,"""/ekf_se_odom""","""Transform from odom to base_link was unavailable for the time requested. Using latest\","""/home/eve/eve/eve_ws/src/robot_localization/src/ros_filter_utilities.cpp""","""RosFilterUtilities",127,"[/rosout, /diagnostics, /odometry/filtered_odom, /tf]"
1522937050118663614,,233,,1522937050,118306798,'',4,"""/ekf_se_odom""","""Transform from odom to base_link was unavailable for the time requested. Using latest\","""/home/eve/eve/eve_ws/src/robot_localization/src/ros_filter_utilities.cpp""","""RosFilterUtilities",127,"[/rosout, /diagnostics, /odometry/filtered_odom, /tf]"
1522937052124036670,,234,,1522937052,123618353,'',4,"""/ekf_se_odom""","""Transform from odom to base_link was unavailable for the time requested. Using latest\","""/home/eve/eve/eve_ws/src/robot_localization/src/ros_filter_utilities.cpp""","""RosFilterUtilities",127,"[/rosout, /diagnostics, /odometry/filtered_odom, /tf]"
1522937054127997668,,235,,1522937054,127583747,'',4,"""/ekf_se_odom""","""Transform from odom to base_link was unavailable for the time requested. Using latest\","""/home/eve/eve/eve_ws/src/robot_localization/src/ros_filter_utilities.cpp""","""RosFilterUtilities",127,"[/rosout, /diagnostics, /odometry/filtered_odom, /tf]"
1522937056166069436,,236,,1522937056,165862955,'',4,"""/ekf_se_odom""","""Transform from odom to base_link was unavailable for the time requested. Using latest\","""/home/eve/eve/eve_ws/src/robot_localization/src/ros_filter_utilities.cpp""","""RosFilterUtilities",127,"[/rosout, /diagnostics, /odometry/filtered_odom, /tf]"
1522937057456579377,,237,,1522937057,456378827,'',4,"""/ekf_se_map""","""Failed to meet update rate! Took 0.055621703000000001504 seconds. Try decreasing\","""/home/eve/eve/eve_ws/src/robot_localization/src/ros_filter.cpp""","""RosFilter<T>",1933,"[/rosout, /diagnostics, /odometry/filtered_map, /tf]"
1522937057457520620,,238,,1522937057,457340343,'',4,"""/ekf_se_odom""","""Failed to meet update rate! Took 0.056573748000000000091 seconds. Try decreasing\","""/home/eve/eve/eve_ws/src/robot_localization/src/ros_filter.cpp""","""RosFilter<T>",1933,"[/rosout, /diagnostics, /odometry/filtered_odom, /tf]"
1522937058228024936,,239,,1522937058,227571916,'',4,"""/ekf_se_odom""","""Transform from odom to base_link was unavailable for the time requested. Using latest\","""/home/eve/eve/eve_ws/src/robot_localization/src/ros_filter_utilities.cpp""","""RosFilterUtilities",127,"[/rosout, /diagnostics, /odometry/filtered_odom, /tf]"
1522937060267186264,,240,,1522937060,266797932,'',4,"""/ekf_se_odom""","""Transform from odom to base_link was unavailable for the time requested. Using latest\","""/home/eve/eve/eve_ws/src/robot_localization/src/ros_filter_utilities.cpp""","""RosFilterUtilities",127,"[/rosout, /diagnostics, /odometry/filtered_odom, /tf]"
1522937062272301998,,241,,1522937062,271918712,'',4,"""/ekf_se_odom""","""Transform from odom to base_link was unavailable for the time requested. Using latest\","""/home/eve/eve/eve_ws/src/robot_localization/src/ros_filter_utilities.cpp""","""RosFilterUtilities",127,"[/rosout, /diagnostics, /odometry/filtered_odom, /tf]"
1522937064278018615,,242,,1522937064,277567102,'',4,"""/ekf_se_odom""","""Transform from odom to base_link was unavailable for the time requested. Using latest\","""/home/eve/eve/eve_ws/src/robot_localization/src/ros_filter_utilities.cpp""","""RosFilterUtilities",127,"[/rosout, /diagnostics, /odometry/filtered_odom, /tf]"
1522937066316809514,,243,,1522937066,316312801,'',4,"""/ekf_se_odom""","""Transform from odom to base_link was unavailable for the time requested. Using latest\","""/home/eve/eve/eve_ws/src/robot_localization/src/ros_filter_utilities.cpp""","""RosFilterUtilities",127,"[/rosout, /diagnostics, /odometry/filtered_odom, /tf]"
1522937068322336442,,244,,1522937068,321891984,'',4,"""/ekf_se_odom""","""Transform from odom to base_link was unavailable for the time requested. Using latest\","""/home/eve/eve/eve_ws/src/robot_localization/src/ros_filter_utilities.cpp""","""RosFilterUtilities",127,"[/rosout, /diagnostics, /odometry/filtered_odom, /tf]"
1522937070327143889,,245,,1522937070,326793539,'',4,"""/ekf_se_odom""","""Transform from odom to base_link was unavailable for the time requested. Using latest\","""/home/eve/eve/eve_ws/src/robot_localization/src/ros_filter_utilities.cpp""","""RosFilterUtilities",127,"[/rosout, /diagnostics, /odometry/filtered_odom, /tf]"
1522937072365672145,,246,,1522937072,365340832,'',4,"""/ekf_se_odom""","""Transform from odom to base_link was unavailable for the time requested. Using latest\","""/home/eve/eve/eve_ws/src/robot_localization/src/ros_filter_utilities.cpp""","""RosFilterUtilities",127,"[/rosout, /diagnostics, /odometry/filtered_odom, /tf]"
1522937074371220760,,247,,1522937074,370830349,'',4,"""/ekf_se_odom""","""Transform from odom to base_link was unavailable for the time requested. Using latest\","""/home/eve/eve/eve_ws/src/robot_localization/src/ros_filter_utilities.cpp""","""RosFilterUtilities",127,"[/rosout, /diagnostics, /odometry/filtered_odom, /tf]"
1522937076377254324,,248,,1522937076,376836273,'',4,"""/ekf_se_odom""","""Transform from odom to base_link was unavailable for the time requested. Using latest\","""/home/eve/eve/eve_ws/src/robot_localization/src/ros_filter_utilities.cpp""","""RosFilterUtilities",127,"[/rosout, /diagnostics, /odometry/filtered_odom, /tf]"
1522937076984512245,,249,,1522937076,984143512,'',4,"""/navsat_transform_node""","""Transform from base_link to map was unavailable for the time requested. Using latest\","""/home/eve/eve/eve_ws/src/robot_localization/src/ros_filter_utilities.cpp""","""RosFilterUtilities",127,"[/rosout, /tf_static, /odometry/gps, /gps/filtered]"
1522937078416082769,,250,,1522937078,415694752,'',4,"""/ekf_se_odom""","""Transform from odom to base_link was unavailable for the time requested. Using latest\","""/home/eve/eve/eve_ws/src/robot_localization/src/ros_filter_utilities.cpp""","""RosFilterUtilities",127,"[/rosout, /diagnostics, /odometry/filtered_odom, /tf]"
1522937080421856317,,251,,1522937080,421393189,'',4,"""/ekf_se_odom""","""Transform from odom to base_link was unavailable for the time requested. Using latest\","""/home/eve/eve/eve_ws/src/robot_localization/src/ros_filter_utilities.cpp""","""RosFilterUtilities",127,"[/rosout, /diagnostics, /odometry/filtered_odom, /tf]"
1522937082427872573,,252,,1522937082,427371454,'',4,"""/ekf_se_odom""","""Transform from odom to base_link was unavailable for the time requested. Using latest\","""/home/eve/eve/eve_ws/src/robot_localization/src/ros_filter_utilities.cpp""","""RosFilterUtilities",127,"[/rosout, /diagnostics, /odometry/filtered_odom, /tf]"
1522937084465771051,,253,,1522937084,465401810,'',4,"""/ekf_se_odom""","""Transform from odom to base_link was unavailable for the time requested. Using latest\","""/home/eve/eve/eve_ws/src/robot_localization/src/ros_filter_utilities.cpp""","""RosFilterUtilities",127,"[/rosout, /diagnostics, /odometry/filtered_odom, /tf]"
1522937086471905800,,254,,1522937086,471507449,'',4,"""/ekf_se_odom""","""Transform from odom to base_link was unavailable for the time requested. Using latest\","""/home/eve/eve/eve_ws/src/robot_localization/src/ros_filter_utilities.cpp""","""RosFilterUtilities",127,"[/rosout, /diagnostics, /odometry/filtered_odom, /tf]"
1522937088476875920,,255,,1522937088,476555735,'',4,"""/ekf_se_odom""","""Transform from odom to base_link was unavailable for the time requested. Using latest\","""/home/eve/eve/eve_ws/src/robot_localization/src/ros_filter_utilities.cpp""","""RosFilterUtilities",127,"[/rosout, /diagnostics, /odometry/filtered_odom, /tf]"
1522937090515934832,,256,,1522937090,515464920,'',4,"""/ekf_se_odom""","""Transform from odom to base_link was unavailable for the time requested. Using latest\","""/home/eve/eve/eve_ws/src/robot_localization/src/ros_filter_utilities.cpp""","""RosFilterUtilities",127,"[/rosout, /diagnostics, /odometry/filtered_odom, /tf]"
1522937092520398990,,257,,1522937092,520039827,'',4,"""/ekf_se_odom""","""Transform from odom to base_link was unavailable for the time requested. Using latest\","""/home/eve/eve/eve_ws/src/robot_localization/src/ros_filter_utilities.cpp""","""RosFilterUtilities",127,"[/rosout, /diagnostics, /odometry/filtered_odom, /tf]"
1522937094527125162,,258,,1522937094,526561885,'',4,"""/ekf_se_odom""","""Transform from odom to base_link was unavailable for the time requested. Using latest\","""/home/eve/eve/eve_ws/src/robot_localization/src/ros_filter_utilities.cpp""","""RosFilterUtilities",127,"[/rosout, /diagnostics, /odometry/filtered_odom, /tf]"
1522937096565830807,,259,,1522937096,565417700,'',4,"""/ekf_se_odom""","""Transform from odom to base_link was unavailable for the time requested. Using latest\","""/home/eve/eve/eve_ws/src/robot_localization/src/ros_filter_utilities.cpp""","""RosFilterUtilities",127,"[/rosout, /diagnostics, /odometry/filtered_odom, /tf]"
1522937098571014395,,260,,1522937098,570637799,'',4,"""/ekf_se_odom""","""Transform from odom to base_link was unavailable for the time requested. Using latest\","""/home/eve/eve/eve_ws/src/robot_localization/src/ros_filter_utilities.cpp""","""RosFilterUtilities",127,"[/rosout, /diagnostics, /odometry/filtered_odom, /tf]"
1522937100577345351,,261,,1522937100,576839629,'',4,"""/ekf_se_odom""","""Transform from odom to base_link was unavailable for the time requested. Using latest\","""/home/eve/eve/eve_ws/src/robot_localization/src/ros_filter_utilities.cpp""","""RosFilterUtilities",127,"[/rosout, /diagnostics, /odometry/filtered_odom, /tf]"
1522937102615402370,,262,,1522937102,614937973,'',4,"""/ekf_se_odom""","""Transform from odom to base_link was unavailable for the time requested. Using latest\","""/home/eve/eve/eve_ws/src/robot_localization/src/ros_filter_utilities.cpp""","""RosFilterUtilities",127,"[/rosout, /diagnostics, /odometry/filtered_odom, /tf]"
1522937104621081442,,263,,1522937104,620647722,'',4,"""/ekf_se_odom""","""Transform from odom to base_link was unavailable for the time requested. Using latest\","""/home/eve/eve/eve_ws/src/robot_localization/src/ros_filter_utilities.cpp""","""RosFilterUtilities",127,"[/rosout, /diagnostics, /odometry/filtered_odom, /tf]"
1522937106626146085,,264,,1522937106,625762880,'',4,"""/ekf_se_odom""","""Transform from odom to base_link was unavailable for the time requested. Using latest\","""/home/eve/eve/eve_ws/src/robot_localization/src/ros_filter_utilities.cpp""","""RosFilterUtilities",127,"[/rosout, /diagnostics, /odometry/filtered_odom, /tf]"
1522937108665046432,,265,,1522937108,664627807,'',4,"""/ekf_se_odom""","""Transform from odom to base_link was unavailable for the time requested. Using latest\","""/home/eve/eve/eve_ws/src/robot_localization/src/ros_filter_utilities.cpp""","""RosFilterUtilities",127,"[/rosout, /diagnostics, /odometry/filtered_odom, /tf]"
1522937110669640106,,266,,1522937110,669320340,'',4,"""/ekf_se_odom""","""Transform from odom to base_link was unavailable for the time requested. Using latest\","""/home/eve/eve/eve_ws/src/robot_localization/src/ros_filter_utilities.cpp""","""RosFilterUtilities",127,"[/rosout, /diagnostics, /odometry/filtered_odom, /tf]"
1522937112675998904,,267,,1522937112,675562697,'',4,"""/ekf_se_odom""","""Transform from odom to base_link was unavailable for the time requested. Using latest\","""/home/eve/eve/eve_ws/src/robot_localization/src/ros_filter_utilities.cpp""","""RosFilterUtilities",127,"[/rosout, /diagnostics, /odometry/filtered_odom, /tf]"
1522937114714264447,,268,,1522937114,713883930,'',4,"""/ekf_se_odom""","""Transform from odom to base_link was unavailable for the time requested. Using latest\","""/home/eve/eve/eve_ws/src/robot_localization/src/ros_filter_utilities.cpp""","""RosFilterUtilities",127,"[/rosout, /diagnostics, /odometry/filtered_odom, /tf]"
1522937116720058404,,269,,1522937116,719632042,'',4,"""/ekf_se_odom""","""Transform from odom to base_link was unavailable for the time requested. Using latest\","""/home/eve/eve/eve_ws/src/robot_localization/src/ros_filter_utilities.cpp""","""RosFilterUtilities",127,"[/rosout, /diagnostics, /odometry/filtered_odom, /tf]"
1522937118725290748,,270,,1522937118,724848494,'',4,"""/ekf_se_odom""","""Transform from odom to base_link was unavailable for the time requested. Using latest\","""/home/eve/eve/eve_ws/src/robot_localization/src/ros_filter_utilities.cpp""","""RosFilterUtilities",127,"[/rosout, /diagnostics, /odometry/filtered_odom, /tf]"
1522937120764276679,,271,,1522937120,763788307,'',4,"""/ekf_se_odom""","""Transform from odom to base_link was unavailable for the time requested. Using latest\","""/home/eve/eve/eve_ws/src/robot_localization/src/ros_filter_utilities.cpp""","""RosFilterUtilities",127,"[/rosout, /diagnostics, /odometry/filtered_odom, /tf]"
1522937122769148109,,272,,1522937122,768777332,'',4,"""/ekf_se_odom""","""Transform from odom to base_link was unavailable for the time requested. Using latest\","""/home/eve/eve/eve_ws/src/robot_localization/src/ros_filter_utilities.cpp""","""RosFilterUtilities",127,"[/rosout, /diagnostics, /odometry/filtered_odom, /tf]"
1522937124282098441,,273,,1522937124,281865617,'',4,"""/ekf_se_map""","""Failed to meet update rate! Took 0.07898220699999999872 seconds. Try decreasing the\","""/home/eve/eve/eve_ws/src/robot_localization/src/ros_filter.cpp""","""RosFilter<T>",1933,"[/rosout, /diagnostics, /odometry/filtered_map, /tf]"
1522937124283187755,,274,,1522937124,283021442,'',4,"""/ekf_se_odom""","""Failed to meet update rate! Took 0.080141739000000003501 seconds. Try decreasing\","""/home/eve/eve/eve_ws/src/robot_localization/src/ros_filter.cpp""","""RosFilter<T>",1933,"[/rosout, /diagnostics, /odometry/filtered_odom, /tf]"
1522937124819007334,,275,,1522937124,818794424,'',4,"""/ekf_se_odom""","""Transform from odom to base_link was unavailable for the time requested. Using latest\","""/home/eve/eve/eve_ws/src/robot_localization/src/ros_filter_utilities.cpp""","""RosFilterUtilities",127,"[/rosout, /diagnostics, /odometry/filtered_odom, /tf]"
1522937126825414786,,276,,1522937126,825039995,'',4,"""/ekf_se_odom""","""Transform from odom to base_link was unavailable for the time requested. Using latest\","""/home/eve/eve/eve_ws/src/robot_localization/src/ros_filter_utilities.cpp""","""RosFilterUtilities",127,"[/rosout, /diagnostics, /odometry/filtered_odom, /tf]"
1522937128864039525,,277,,1522937128,863706939,'',4,"""/ekf_se_odom""","""Transform from odom to base_link was unavailable for the time requested. Using latest\","""/home/eve/eve/eve_ws/src/robot_localization/src/ros_filter_utilities.cpp""","""RosFilterUtilities",127,"[/rosout, /diagnostics, /odometry/filtered_odom, /tf]"
1522937130870494275,,278,,1522937130,870038245,'',4,"""/ekf_se_odom""","""Transform from odom to base_link was unavailable for the time requested. Using latest\","""/home/eve/eve/eve_ws/src/robot_localization/src/ros_filter_utilities.cpp""","""RosFilterUtilities",127,"[/rosout, /diagnostics, /odometry/filtered_odom, /tf]"
1522937132875439092,,279,,1522937132,875054937,'',4,"""/ekf_se_odom""","""Transform from odom to base_link was unavailable for the time requested. Using latest\","""/home/eve/eve/eve_ws/src/robot_localization/src/ros_filter_utilities.cpp""","""RosFilterUtilities",127,"[/rosout, /diagnostics, /odometry/filtered_odom, /tf]"
1522937134914390133,,280,,1522937134,914020208,'',4,"""/ekf_se_odom""","""Transform from odom to base_link was unavailable for the time requested. Using latest\","""/home/eve/eve/eve_ws/src/robot_localization/src/ros_filter_utilities.cpp""","""RosFilterUtilities",127,"[/rosout, /diagnostics, /odometry/filtered_odom, /tf]"
1522937136919578234,,281,,1522937136,919157652,'',4,"""/ekf_se_odom""","""Transform from odom to base_link was unavailable for the time requested. Using latest\","""/home/eve/eve/eve_ws/src/robot_localization/src/ros_filter_utilities.cpp""","""RosFilterUtilities",127,"[/rosout, /diagnostics, /odometry/filtered_odom, /tf]"
1522937138924806014,,282,,1522937138,924412339,'',4,"""/ekf_se_odom""","""Transform from odom to base_link was unavailable for the time requested. Using latest\","""/home/eve/eve/eve_ws/src/robot_localization/src/ros_filter_utilities.cpp""","""RosFilterUtilities",127,"[/rosout, /diagnostics, /odometry/filtered_odom, /tf]"
1522937140963226905,,283,,1522937140,962893482,'',4,"""/ekf_se_odom""","""Transform from odom to base_link was unavailable for the time requested. Using latest\","""/home/eve/eve/eve_ws/src/robot_localization/src/ros_filter_utilities.cpp""","""RosFilterUtilities",127,"[/rosout, /diagnostics, /odometry/filtered_odom, /tf]"
1522937142968479886,,284,,1522937142,968136494,'',4,"""/ekf_se_odom""","""Transform from odom to base_link was unavailable for the time requested. Using latest\","""/home/eve/eve/eve_ws/src/robot_localization/src/ros_filter_utilities.cpp""","""RosFilterUtilities",127,"[/rosout, /diagnostics, /odometry/filtered_odom, /tf]"
1522937144973102811,,285,,1522937144,972741704,'',4,"""/ekf_se_odom""","""Transform from odom to base_link was unavailable for the time requested. Using latest\","""/home/eve/eve/eve_ws/src/robot_localization/src/ros_filter_utilities.cpp""","""RosFilterUtilities",127,"[/rosout, /diagnostics, /odometry/filtered_odom, /tf]"
1522937147013584244,,286,,1522937147,13161464,'',4,"""/ekf_se_odom""","""Transform from odom to base_link was unavailable for the time requested. Using latest\","""/home/eve/eve/eve_ws/src/robot_localization/src/ros_filter_utilities.cpp""","""RosFilterUtilities",127,"[/rosout, /diagnostics, /odometry/filtered_odom, /tf]"
1522937149018125652,,287,,1522937149,17779585,'',4,"""/ekf_se_odom""","""Transform from odom to base_link was unavailable for the time requested. Using latest\","""/home/eve/eve/eve_ws/src/robot_localization/src/ros_filter_utilities.cpp""","""RosFilterUtilities",127,"[/rosout, /diagnostics, /odometry/filtered_odom, /tf]"
1522937151023750214,,288,,1522937151,23373914,'',4,"""/ekf_se_odom""","""Transform from odom to base_link was unavailable for the time requested. Using latest\","""/home/eve/eve/eve_ws/src/robot_localization/src/ros_filter_utilities.cpp""","""RosFilterUtilities",127,"[/rosout, /diagnostics, /odometry/filtered_odom, /tf]"
1522937153063470244,,289,,1522937153,63074176,'',4,"""/ekf_se_odom""","""Transform from odom to base_link was unavailable for the time requested. Using latest\","""/home/eve/eve/eve_ws/src/robot_localization/src/ros_filter_utilities.cpp""","""RosFilterUtilities",127,"[/rosout, /diagnostics, /odometry/filtered_odom, /tf]"
1522937155018383395,,290,,1522937155,17991677,'',4,"""/ekf_se_map""","""Failed to meet update rate! Took 0.086238621000000001415 seconds. Try decreasing\","""/home/eve/eve/eve_ws/src/robot_localization/src/ros_filter.cpp""","""RosFilter<T>",1933,"[/rosout, /diagnostics, /odometry/filtered_map, /tf]"
1522937155025866317,,291,,1522937155,25454610,'',4,"""/ekf_se_odom""","""Failed to meet update rate! Took 0.060297646000000003352 seconds. Try decreasing\","""/home/eve/eve/eve_ws/src/robot_localization/src/ros_filter.cpp""","""RosFilter<T>",1933,"[/rosout, /diagnostics, /odometry/filtered_odom, /tf]"
1522937155131426745,,292,,1522937155,131017190,'',4,"""/ekf_se_odom""","""Transform from odom to base_link was unavailable for the time requested. Using latest\","""/home/eve/eve/eve_ws/src/robot_localization/src/ros_filter_utilities.cpp""","""RosFilterUtilities",127,"[/rosout, /diagnostics, /odometry/filtered_odom, /tf]"
1522937157165766122,,293,,1522937157,165391300,'',4,"""/ekf_se_odom""","""Transform from odom to base_link was unavailable for the time requested. Using latest\","""/home/eve/eve/eve_ws/src/robot_localization/src/ros_filter_utilities.cpp""","""RosFilterUtilities",127,"[/rosout, /diagnostics, /odometry/filtered_odom, /tf]"
1522937159169695674,,294,,1522937159,169324746,'',4,"""/ekf_se_odom""","""Transform from odom to base_link was unavailable for the time requested. Using latest\","""/home/eve/eve/eve_ws/src/robot_localization/src/ros_filter_utilities.cpp""","""RosFilterUtilities",127,"[/rosout, /diagnostics, /odometry/filtered_odom, /tf]"
1522937161173311637,,295,,1522937161,172840383,'',4,"""/ekf_se_odom""","""Transform from odom to base_link was unavailable for the time requested. Using latest\","""/home/eve/eve/eve_ws/src/robot_localization/src/ros_filter_utilities.cpp""","""RosFilterUtilities",127,"[/rosout, /diagnostics, /odometry/filtered_odom, /tf]"
1522937163176635153,,296,,1522937163,176291279,'',4,"""/ekf_se_odom""","""Transform from odom to base_link was unavailable for the time requested. Using latest\","""/home/eve/eve/eve_ws/src/robot_localization/src/ros_filter_utilities.cpp""","""RosFilterUtilities",127,"[/rosout, /diagnostics, /odometry/filtered_odom, /tf]"
1522937165212580239,,297,,1522937165,212324372,'',4,"""/ekf_se_odom""","""Transform from odom to base_link was unavailable for the time requested. Using latest\","""/home/eve/eve/eve_ws/src/robot_localization/src/ros_filter_utilities.cpp""","""RosFilterUtilities",127,"[/rosout, /diagnostics, /odometry/filtered_odom, /tf]"
1522937167216497397,,298,,1522937167,216208897,'',4,"""/ekf_se_odom""","""Transform from odom to base_link was unavailable for the time requested. Using latest\","""/home/eve/eve/eve_ws/src/robot_localization/src/ros_filter_utilities.cpp""","""RosFilterUtilities",127,"[/rosout, /diagnostics, /odometry/filtered_odom, /tf]"
1522937169220161010,,299,,1522937169,219899065,'',4,"""/ekf_se_odom""","""Transform from odom to base_link was unavailable for the time requested. Using latest\","""/home/eve/eve/eve_ws/src/robot_localization/src/ros_filter_utilities.cpp""","""RosFilterUtilities",127,"[/rosout, /diagnostics, /odometry/filtered_odom, /tf]"
1522937171225885813,,300,,1522937171,225395315,'',4,"""/ekf_se_odom""","""Transform from odom to base_link was unavailable for the time requested. Using latest\","""/home/eve/eve/eve_ws/src/robot_localization/src/ros_filter_utilities.cpp""","""RosFilterUtilities",127,"[/rosout, /diagnostics, /odometry/filtered_odom, /tf]"
1522937173228872135,,301,,1522937173,228397091,'',4,"""/ekf_se_odom""","""Transform from odom to base_link was unavailable for the time requested. Using latest\","""/home/eve/eve/eve_ws/src/robot_localization/src/ros_filter_utilities.cpp""","""RosFilterUtilities",127,"[/rosout, /diagnostics, /odometry/filtered_odom, /tf]"
1522937175265698645,,302,,1522937175,265312458,'',4,"""/ekf_se_odom""","""Transform from odom to base_link was unavailable for the time requested. Using latest\","""/home/eve/eve/eve_ws/src/robot_localization/src/ros_filter_utilities.cpp""","""RosFilterUtilities",127,"[/rosout, /diagnostics, /odometry/filtered_odom, /tf]"
1522937177269713332,,303,,1522937177,269304426,'',4,"""/ekf_se_odom""","""Transform from odom to base_link was unavailable for the time requested. Using latest\","""/home/eve/eve/eve_ws/src/robot_localization/src/ros_filter_utilities.cpp""","""RosFilterUtilities",127,"[/rosout, /diagnostics, /odometry/filtered_odom, /tf]"
1522937179273920790,,304,,1522937179,273512610,'',4,"""/ekf_se_odom""","""Transform from odom to base_link was unavailable for the time requested. Using latest\","""/home/eve/eve/eve_ws/src/robot_localization/src/ros_filter_utilities.cpp""","""RosFilterUtilities",127,"[/rosout, /diagnostics, /odometry/filtered_odom, /tf]"
1522937181278925718,,305,,1522937181,278512169,'',4,"""/ekf_se_odom""","""Transform from odom to base_link was unavailable for the time requested. Using latest\","""/home/eve/eve/eve_ws/src/robot_localization/src/ros_filter_utilities.cpp""","""RosFilterUtilities",127,"[/rosout, /diagnostics, /odometry/filtered_odom, /tf]"
1522937183317043009,,306,,1522937183,316665957,'',4,"""/ekf_se_odom""","""Transform from odom to base_link was unavailable for the time requested. Using latest\","""/home/eve/eve/eve_ws/src/robot_localization/src/ros_filter_utilities.cpp""","""RosFilterUtilities",127,"[/rosout, /diagnostics, /odometry/filtered_odom, /tf]"
1522937185321235930,,307,,1522937185,320909591,'',4,"""/ekf_se_odom""","""Transform from odom to base_link was unavailable for the time requested. Using latest\","""/home/eve/eve/eve_ws/src/robot_localization/src/ros_filter_utilities.cpp""","""RosFilterUtilities",127,"[/rosout, /diagnostics, /odometry/filtered_odom, /tf]"
1522937187328123185,,308,,1522937187,327631144,'',4,"""/ekf_se_odom""","""Transform from odom to base_link was unavailable for the time requested. Using latest\","""/home/eve/eve/eve_ws/src/robot_localization/src/ros_filter_utilities.cpp""","""RosFilterUtilities",127,"[/rosout, /diagnostics, /odometry/filtered_odom, /tf]"
1522937189366183238,,309,,1522937189,365777209,'',4,"""/ekf_se_odom""","""Transform from odom to base_link was unavailable for the time requested. Using latest\","""/home/eve/eve/eve_ws/src/robot_localization/src/ros_filter_utilities.cpp""","""RosFilterUtilities",127,"[/rosout, /diagnostics, /odometry/filtered_odom, /tf]"
1522937191371324993,,310,,1522937191,370905815,'',4,"""/ekf_se_odom""","""Transform from odom to base_link was unavailable for the time requested. Using latest\","""/home/eve/eve/eve_ws/src/robot_localization/src/ros_filter_utilities.cpp""","""RosFilterUtilities",127,"[/rosout, /diagnostics, /odometry/filtered_odom, /tf]"
1522937193375830767,,311,,1522937193,375457604,'',4,"""/ekf_se_odom""","""Transform from odom to base_link was unavailable for the time requested. Using latest\","""/home/eve/eve/eve_ws/src/robot_localization/src/ros_filter_utilities.cpp""","""RosFilterUtilities",127,"[/rosout, /diagnostics, /odometry/filtered_odom, /tf]"
1522937195414865577,,312,,1522937195,414455322,'',4,"""/ekf_se_odom""","""Transform from odom to base_link was unavailable for the time requested. Using latest\","""/home/eve/eve/eve_ws/src/robot_localization/src/ros_filter_utilities.cpp""","""RosFilterUtilities",127,"[/rosout, /diagnostics, /odometry/filtered_odom, /tf]"
1522937197419511717,,313,,1522937197,419111653,'',4,"""/ekf_se_odom""","""Transform from odom to base_link was unavailable for the time requested. Using latest\","""/home/eve/eve/eve_ws/src/robot_localization/src/ros_filter_utilities.cpp""","""RosFilterUtilities",127,"[/rosout, /diagnostics, /odometry/filtered_odom, /tf]"
1522937199423441485,,314,,1522937199,423116842,'',4,"""/ekf_se_odom""","""Transform from odom to base_link was unavailable for the time requested. Using latest\","""/home/eve/eve/eve_ws/src/robot_localization/src/ros_filter_utilities.cpp""","""RosFilterUtilities",127,"[/rosout, /diagnostics, /odometry/filtered_odom, /tf]"
1522937201428635505,,315,,1522937201,428216388,'',4,"""/ekf_se_odom""","""Transform from odom to base_link was unavailable for the time requested. Using latest\","""/home/eve/eve/eve_ws/src/robot_localization/src/ros_filter_utilities.cpp""","""RosFilterUtilities",127,"[/rosout, /diagnostics, /odometry/filtered_odom, /tf]"
1522937203466065309,,316,,1522937203,465760860,'',4,"""/ekf_se_odom""","""Transform from odom to base_link was unavailable for the time requested. Using latest\","""/home/eve/eve/eve_ws/src/robot_localization/src/ros_filter_utilities.cpp""","""RosFilterUtilities",127,"[/rosout, /diagnostics, /odometry/filtered_odom, /tf]"
1522937205472540793,,317,,1522937205,472127222,'',4,"""/ekf_se_odom""","""Transform from odom to base_link was unavailable for the time requested. Using latest\","""/home/eve/eve/eve_ws/src/robot_localization/src/ros_filter_utilities.cpp""","""RosFilterUtilities",127,"[/rosout, /diagnostics, /odometry/filtered_odom, /tf]"
1522937207478592196,,318,,1522937207,478162112,'',4,"""/ekf_se_odom""","""Transform from odom to base_link was unavailable for the time requested. Using latest\","""/home/eve/eve/eve_ws/src/robot_localization/src/ros_filter_utilities.cpp""","""RosFilterUtilities",127,"[/rosout, /diagnostics, /odometry/filtered_odom, /tf]"
1522937209516388227,,319,,1522937209,516012563,'',4,"""/ekf_se_odom""","""Transform from odom to base_link was unavailable for the time requested. Using latest\","""/home/eve/eve/eve_ws/src/robot_localization/src/ros_filter_utilities.cpp""","""RosFilterUtilities",127,"[/rosout, /diagnostics, /odometry/filtered_odom, /tf]"
1522937211521281678,,320,,1522937211,520919016,'',4,"""/ekf_se_odom""","""Transform from odom to base_link was unavailable for the time requested. Using latest\","""/home/eve/eve/eve_ws/src/robot_localization/src/ros_filter_utilities.cpp""","""RosFilterUtilities",127,"[/rosout, /diagnostics, /odometry/filtered_odom, /tf]"
1522937213528179051,,321,,1522937213,527726804,'',4,"""/ekf_se_odom""","""Transform from odom to base_link was unavailable for the time requested. Using latest\","""/home/eve/eve/eve_ws/src/robot_localization/src/ros_filter_utilities.cpp""","""RosFilterUtilities",127,"[/rosout, /diagnostics, /odometry/filtered_odom, /tf]"
1522937215565600285,,322,,1522937215,565234564,'',4,"""/ekf_se_odom""","""Transform from odom to base_link was unavailable for the time requested. Using latest\","""/home/eve/eve/eve_ws/src/robot_localization/src/ros_filter_utilities.cpp""","""RosFilterUtilities",127,"[/rosout, /diagnostics, /odometry/filtered_odom, /tf]"
1522937217571420331,,323,,1522937217,570976101,'',4,"""/ekf_se_odom""","""Transform from odom to base_link was unavailable for the time requested. Using latest\","""/home/eve/eve/eve_ws/src/robot_localization/src/ros_filter_utilities.cpp""","""RosFilterUtilities",127,"[/rosout, /diagnostics, /odometry/filtered_odom, /tf]"
1522937219579194398,,324,,1522937219,578701119,'',4,"""/ekf_se_odom""","""Transform from odom to base_link was unavailable for the time requested. Using latest\","""/home/eve/eve/eve_ws/src/robot_localization/src/ros_filter_utilities.cpp""","""RosFilterUtilities",127,"[/rosout, /diagnostics, /odometry/filtered_odom, /tf]"
1522937221615688682,,325,,1522937221,615304026,'',4,"""/ekf_se_odom""","""Transform from odom to base_link was unavailable for the time requested. Using latest\","""/home/eve/eve/eve_ws/src/robot_localization/src/ros_filter_utilities.cpp""","""RosFilterUtilities",127,"[/rosout, /diagnostics, /odometry/filtered_odom, /tf]"
1522937223620224316,,326,,1522937223,619938856,'',4,"""/ekf_se_odom""","""Transform from odom to base_link was unavailable for the time requested. Using latest\","""/home/eve/eve/eve_ws/src/robot_localization/src/ros_filter_utilities.cpp""","""RosFilterUtilities",127,"[/rosout, /diagnostics, /odometry/filtered_odom, /tf]"
1522937225626477224,,327,,1522937225,626050798,'',4,"""/ekf_se_odom""","""Transform from odom to base_link was unavailable for the time requested. Using latest\","""/home/eve/eve/eve_ws/src/robot_localization/src/ros_filter_utilities.cpp""","""RosFilterUtilities",127,"[/rosout, /diagnostics, /odometry/filtered_odom, /tf]"
