rosbagTimestamp,header,seq,stamp,secs,nsecs,frame_id,status,-,level,name,message,"\ node.""",hardware_id,values,-,key,value,"\ that your variances for each measured variable are set appropriately.""",-,key,value,"\ that your variances for each measured variable are set appropriately.""",-,level,name,message,hardware_id,values,-,key,value,-,key,value,-,key,value,-,key,value,-,key,value,-,key,value
1524751704171772188,,6,,1524751704,171652648,'',,1,"""ekf_se_map","""Potentially erroneous data or settings detected for a robot_localization state estimation\","""none""",,"""X_configuration""","""2 absolute pose inputs detected for X. This may result in oscillations. Please ensure\","""Y_configuration""","""2 absolute pose inputs detected for Y. This may result in oscillations. Please ensure\",0,"""ekf_se_map",'',"""none""",,"""Events in window""","""45""","""Events since startup""","""45""","""Duration of window (s)""","""5.230718""","""Actual frequency (Hz)""","""8.603026""","""Minimum acceptable frequency (Hz)""","""7.200000""","""Maximum acceptable frequency (Hz)""","""13.200000"""
1524751705269706242,,7,,1524751705,269592858,'',,1,"""ekf_se_map","""Potentially erroneous data or settings detected for a robot_localization state estimation\","""none""",,"""X_configuration""","""2 absolute pose inputs detected for X. This may result in oscillations. Please ensure\","""Y_configuration""","""2 absolute pose inputs detected for Y. This may result in oscillations. Please ensure\",0,"""ekf_se_map",'',"""none""",,"""Events in window""","""56""","""Events since startup""","""56""","""Duration of window (s)""","""6.328657""","""Actual frequency (Hz)""","""8.848639""","""Minimum acceptable frequency (Hz)""","""7.200000""","""Maximum acceptable frequency (Hz)""","""13.200000"""
1524751706269131939,,8,,1524751706,268980144,'',,1,"""ekf_se_map","""Potentially erroneous data or settings detected for a robot_localization state estimation\","""none""",,"""X_configuration""","""2 absolute pose inputs detected for X. This may result in oscillations. Please ensure\","""Y_configuration""","""2 absolute pose inputs detected for Y. This may result in oscillations. Please ensure\",0,"""ekf_se_map",'',"""none""",,"""Events in window""","""66""","""Events since startup""","""66""","""Duration of window (s)""","""7.328040""","""Actual frequency (Hz)""","""9.006501""","""Minimum acceptable frequency (Hz)""","""7.200000""","""Maximum acceptable frequency (Hz)""","""13.200000"""
1524751707269936027,,9,,1524751707,269838510,'',,1,"""ekf_se_map","""Potentially erroneous data or settings detected for a robot_localization state estimation\","""none""",,"""X_configuration""","""2 absolute pose inputs detected for X. This may result in oscillations. Please ensure\","""Y_configuration""","""2 absolute pose inputs detected for Y. This may result in oscillations. Please ensure\",0,"""ekf_se_map",'',"""none""",,"""Events in window""","""76""","""Events since startup""","""76""","""Duration of window (s)""","""8.328896""","""Actual frequency (Hz)""","""9.124859""","""Minimum acceptable frequency (Hz)""","""7.200000""","""Maximum acceptable frequency (Hz)""","""13.200000"""
1524751708371127554,,10,,1524751708,371027226,'',,1,"""ekf_se_map","""Potentially erroneous data or settings detected for a robot_localization state estimation\","""none""",,"""X_configuration""","""2 absolute pose inputs detected for X. This may result in oscillations. Please ensure\","""Y_configuration""","""2 absolute pose inputs detected for Y. This may result in oscillations. Please ensure\",0,"""ekf_se_map",'',"""none""",,"""Events in window""","""87""","""Events since startup""","""87""","""Duration of window (s)""","""9.430091""","""Actual frequency (Hz)""","""9.225786""","""Minimum acceptable frequency (Hz)""","""7.200000""","""Maximum acceptable frequency (Hz)""","""13.200000"""
1524751709472057385,,11,,1524751709,471966808,'',,1,"""ekf_se_map","""Potentially erroneous data or settings detected for a robot_localization state estimation\","""none""",,"""X_configuration""","""2 absolute pose inputs detected for X. This may result in oscillations. Please ensure\","""Y_configuration""","""2 absolute pose inputs detected for Y. This may result in oscillations. Please ensure\",0,"""ekf_se_map",'',"""none""",,"""Events in window""","""98""","""Events since startup""","""98""","""Duration of window (s)""","""10.531031""","""Actual frequency (Hz)""","""9.305832""","""Minimum acceptable frequency (Hz)""","""7.200000""","""Maximum acceptable frequency (Hz)""","""13.200000"""
1524751710472611174,,12,,1524751710,472462913,'',,1,"""ekf_se_map","""Potentially erroneous data or settings detected for a robot_localization state estimation\","""none""",,"""X_configuration""","""2 absolute pose inputs detected for X. This may result in oscillations. Please ensure\","""Y_configuration""","""2 absolute pose inputs detected for Y. This may result in oscillations. Please ensure\",0,"""ekf_se_map",'',"""none""",,"""Events in window""","""105""","""Events since startup""","""108""","""Duration of window (s)""","""10.510230""","""Actual frequency (Hz)""","""9.990267""","""Minimum acceptable frequency (Hz)""","""7.200000""","""Maximum acceptable frequency (Hz)""","""13.200000"""
1524751711473502172,,13,,1524751711,473413831,'',,1,"""ekf_se_map","""Potentially erroneous data or settings detected for a robot_localization state estimation\","""none""",,"""X_configuration""","""2 absolute pose inputs detected for X. This may result in oscillations. Please ensure\","""Y_configuration""","""2 absolute pose inputs detected for Y. This may result in oscillations. Please ensure\",0,"""ekf_se_map",'',"""none""",,"""Events in window""","""104""","""Events since startup""","""118""","""Duration of window (s)""","""10.415669""","""Actual frequency (Hz)""","""9.984956""","""Minimum acceptable frequency (Hz)""","""7.200000""","""Maximum acceptable frequency (Hz)""","""13.200000"""
1524751712571637373,,14,,1524751712,571540031,'',,1,"""ekf_se_map","""Potentially erroneous data or settings detected for a robot_localization state estimation\","""none""",,"""X_configuration""","""2 absolute pose inputs detected for X. This may result in oscillations. Please ensure\","""Y_configuration""","""2 absolute pose inputs detected for Y. This may result in oscillations. Please ensure\",0,"""ekf_se_map",'',"""none""",,"""Events in window""","""105""","""Events since startup""","""129""","""Duration of window (s)""","""10.508101""","""Actual frequency (Hz)""","""9.992290""","""Minimum acceptable frequency (Hz)""","""7.200000""","""Maximum acceptable frequency (Hz)""","""13.200000"""
1524751713677233281,,15,,1524751713,677140558,'',,1,"""ekf_se_map","""Potentially erroneous data or settings detected for a robot_localization state estimation\","""none""",,"""X_configuration""","""2 absolute pose inputs detected for X. This may result in oscillations. Please ensure\","""Y_configuration""","""2 absolute pose inputs detected for Y. This may result in oscillations. Please ensure\",0,"""ekf_se_map",'',"""none""",,"""Events in window""","""105""","""Events since startup""","""140""","""Duration of window (s)""","""10.516653""","""Actual frequency (Hz)""","""9.984165""","""Minimum acceptable frequency (Hz)""","""7.200000""","""Maximum acceptable frequency (Hz)""","""13.200000"""
1524751714674710492,,16,,1524751714,674606257,'',,1,"""ekf_se_map","""Potentially erroneous data or settings detected for a robot_localization state estimation\","""none""",,"""X_configuration""","""2 absolute pose inputs detected for X. This may result in oscillations. Please ensure\","""Y_configuration""","""2 absolute pose inputs detected for Y. This may result in oscillations. Please ensure\",0,"""ekf_se_map",'',"""none""",,"""Events in window""","""105""","""Events since startup""","""150""","""Duration of window (s)""","""10.502953""","""Actual frequency (Hz)""","""9.997189""","""Minimum acceptable frequency (Hz)""","""7.200000""","""Maximum acceptable frequency (Hz)""","""13.200000"""
1524751715677858073,,17,,1524751715,677731355,'',,1,"""ekf_se_map","""Potentially erroneous data or settings detected for a robot_localization state estimation\","""none""",,"""X_configuration""","""2 absolute pose inputs detected for X. This may result in oscillations. Please ensure\","""Y_configuration""","""2 absolute pose inputs detected for Y. This may result in oscillations. Please ensure\",0,"""ekf_se_map",'',"""none""",,"""Events in window""","""104""","""Events since startup""","""160""","""Duration of window (s)""","""10.408139""","""Actual frequency (Hz)""","""9.992180""","""Minimum acceptable frequency (Hz)""","""7.200000""","""Maximum acceptable frequency (Hz)""","""13.200000"""
1524751716776784724,,18,,1524751716,776690230,'',,1,"""ekf_se_map","""Potentially erroneous data or settings detected for a robot_localization state estimation\","""none""",,"""X_configuration""","""2 absolute pose inputs detected for X. This may result in oscillations. Please ensure\","""Y_configuration""","""2 absolute pose inputs detected for Y. This may result in oscillations. Please ensure\",0,"""ekf_se_map",'',"""none""",,"""Events in window""","""105""","""Events since startup""","""171""","""Duration of window (s)""","""10.507715""","""Actual frequency (Hz)""","""9.992658""","""Minimum acceptable frequency (Hz)""","""7.200000""","""Maximum acceptable frequency (Hz)""","""13.200000"""
1524751717778582961,,19,,1524751717,778429794,'',,1,"""ekf_se_map","""Potentially erroneous data or settings detected for a robot_localization state estimation\","""none""",,"""X_configuration""","""2 absolute pose inputs detected for X. This may result in oscillations. Please ensure\","""Y_configuration""","""2 absolute pose inputs detected for Y. This may result in oscillations. Please ensure\",0,"""ekf_se_map",'',"""none""",,"""Events in window""","""105""","""Events since startup""","""181""","""Duration of window (s)""","""10.508587""","""Actual frequency (Hz)""","""9.991829""","""Minimum acceptable frequency (Hz)""","""7.200000""","""Maximum acceptable frequency (Hz)""","""13.200000"""
1524751718777786795,,20,,1524751718,777673077,'',,1,"""ekf_se_map","""Potentially erroneous data or settings detected for a robot_localization state estimation\","""none""",,"""X_configuration""","""2 absolute pose inputs detected for X. This may result in oscillations. Please ensure\","""Y_configuration""","""2 absolute pose inputs detected for Y. This may result in oscillations. Please ensure\",0,"""ekf_se_map",'',"""none""",,"""Events in window""","""104""","""Events since startup""","""191""","""Duration of window (s)""","""10.406646""","""Actual frequency (Hz)""","""9.993614""","""Minimum acceptable frequency (Hz)""","""7.200000""","""Maximum acceptable frequency (Hz)""","""13.200000"""
1524751719878967783,,21,,1524751719,878863471,'',,1,"""ekf_se_map","""Potentially erroneous data or settings detected for a robot_localization state estimation\","""none""",,"""X_configuration""","""2 absolute pose inputs detected for X. This may result in oscillations. Please ensure\","""Y_configuration""","""2 absolute pose inputs detected for Y. This may result in oscillations. Please ensure\",0,"""ekf_se_map",'',"""none""",,"""Events in window""","""104""","""Events since startup""","""202""","""Duration of window (s)""","""10.406895""","""Actual frequency (Hz)""","""9.993374""","""Minimum acceptable frequency (Hz)""","""7.200000""","""Maximum acceptable frequency (Hz)""","""13.200000"""
1524751720878935700,,22,,1524751720,878825979,'',,1,"""ekf_se_map","""Potentially erroneous data or settings detected for a robot_localization state estimation\","""none""",,"""X_configuration""","""2 absolute pose inputs detected for X. This may result in oscillations. Please ensure\","""Y_configuration""","""2 absolute pose inputs detected for Y. This may result in oscillations. Please ensure\",0,"""ekf_se_map",'',"""none""",,"""Events in window""","""104""","""Events since startup""","""212""","""Duration of window (s)""","""10.406363""","""Actual frequency (Hz)""","""9.993885""","""Minimum acceptable frequency (Hz)""","""7.200000""","""Maximum acceptable frequency (Hz)""","""13.200000"""
1524751721981839698,,23,,1524751721,981731347,'',,1,"""ekf_se_map","""Potentially erroneous data or settings detected for a robot_localization state estimation\","""none""",,"""X_configuration""","""2 absolute pose inputs detected for X. This may result in oscillations. Please ensure\","""Y_configuration""","""2 absolute pose inputs detected for Y. This may result in oscillations. Please ensure\",0,"""ekf_se_map",'',"""none""",,"""Events in window""","""105""","""Events since startup""","""223""","""Duration of window (s)""","""10.508299""","""Actual frequency (Hz)""","""9.992102""","""Minimum acceptable frequency (Hz)""","""7.200000""","""Maximum acceptable frequency (Hz)""","""13.200000"""
1524751722984031974,,24,,1524751722,983931902,'',,1,"""ekf_se_map","""Potentially erroneous data or settings detected for a robot_localization state estimation\","""none""",,"""X_configuration""","""2 absolute pose inputs detected for X. This may result in oscillations. Please ensure\","""Y_configuration""","""2 absolute pose inputs detected for Y. This may result in oscillations. Please ensure\",0,"""ekf_se_map",'',"""none""",,"""Events in window""","""104""","""Events since startup""","""233""","""Duration of window (s)""","""10.412390""","""Actual frequency (Hz)""","""9.988100""","""Minimum acceptable frequency (Hz)""","""7.200000""","""Maximum acceptable frequency (Hz)""","""13.200000"""
1524751723984523649,,25,,1524751723,984433329,'',,1,"""ekf_se_map","""Potentially erroneous data or settings detected for a robot_localization state estimation\","""none""",,"""X_configuration""","""2 absolute pose inputs detected for X. This may result in oscillations. Please ensure\","""Y_configuration""","""2 absolute pose inputs detected for Y. This may result in oscillations. Please ensure\",0,"""ekf_se_map",'',"""none""",,"""Events in window""","""103""","""Events since startup""","""243""","""Duration of window (s)""","""10.307286""","""Actual frequency (Hz)""","""9.992931""","""Minimum acceptable frequency (Hz)""","""7.200000""","""Maximum acceptable frequency (Hz)""","""13.200000"""
1524751724983189952,,26,,1524751724,983075330,'',,1,"""ekf_se_map","""Potentially erroneous data or settings detected for a robot_localization state estimation\","""none""",,"""X_configuration""","""2 absolute pose inputs detected for X. This may result in oscillations. Please ensure\","""Y_configuration""","""2 absolute pose inputs detected for Y. This may result in oscillations. Please ensure\",0,"""ekf_se_map",'',"""none""",,"""Events in window""","""103""","""Events since startup""","""253""","""Duration of window (s)""","""10.308466""","""Actual frequency (Hz)""","""9.991787""","""Minimum acceptable frequency (Hz)""","""7.200000""","""Maximum acceptable frequency (Hz)""","""13.200000"""
1524751725985061693,,27,,1524751725,984968846,'',,1,"""ekf_se_map","""Potentially erroneous data or settings detected for a robot_localization state estimation\","""none""",,"""X_configuration""","""2 absolute pose inputs detected for X. This may result in oscillations. Please ensure\","""Y_configuration""","""2 absolute pose inputs detected for Y. This may result in oscillations. Please ensure\",0,"""ekf_se_map",'',"""none""",,"""Events in window""","""103""","""Events since startup""","""263""","""Duration of window (s)""","""10.307227""","""Actual frequency (Hz)""","""9.992989""","""Minimum acceptable frequency (Hz)""","""7.200000""","""Maximum acceptable frequency (Hz)""","""13.200000"""
1524751727085143197,,28,,1524751727,85073683,'',,1,"""ekf_se_map","""Potentially erroneous data or settings detected for a robot_localization state estimation\","""none""",,"""X_configuration""","""2 absolute pose inputs detected for X. This may result in oscillations. Please ensure\","""Y_configuration""","""2 absolute pose inputs detected for Y. This may result in oscillations. Please ensure\",0,"""ekf_se_map",'',"""none""",,"""Events in window""","""103""","""Events since startup""","""274""","""Duration of window (s)""","""10.308377""","""Actual frequency (Hz)""","""9.991874""","""Minimum acceptable frequency (Hz)""","""7.200000""","""Maximum acceptable frequency (Hz)""","""13.200000"""
1524751728085548307,,29,,1524751728,85448880,'',,1,"""ekf_se_map","""Potentially erroneous data or settings detected for a robot_localization state estimation\","""none""",,"""X_configuration""","""2 absolute pose inputs detected for X. This may result in oscillations. Please ensure\","""Y_configuration""","""2 absolute pose inputs detected for Y. This may result in oscillations. Please ensure\",0,"""ekf_se_map",'',"""none""",,"""Events in window""","""103""","""Events since startup""","""284""","""Duration of window (s)""","""10.307022""","""Actual frequency (Hz)""","""9.993187""","""Minimum acceptable frequency (Hz)""","""7.200000""","""Maximum acceptable frequency (Hz)""","""13.200000"""
1524751729186035153,,30,,1524751729,185917579,'',,1,"""ekf_se_map","""Potentially erroneous data or settings detected for a robot_localization state estimation\","""none""",,"""X_configuration""","""2 absolute pose inputs detected for X. This may result in oscillations. Please ensure\","""Y_configuration""","""2 absolute pose inputs detected for Y. This may result in oscillations. Please ensure\",0,"""ekf_se_map",'',"""none""",,"""Events in window""","""104""","""Events since startup""","""295""","""Duration of window (s)""","""10.408243""","""Actual frequency (Hz)""","""9.992080""","""Minimum acceptable frequency (Hz)""","""7.200000""","""Maximum acceptable frequency (Hz)""","""13.200000"""
1524751730188003588,,31,,1524751730,187867107,'',,1,"""ekf_se_map","""Potentially erroneous data or settings detected for a robot_localization state estimation\","""none""",,"""X_configuration""","""2 absolute pose inputs detected for X. This may result in oscillations. Please ensure\","""Y_configuration""","""2 absolute pose inputs detected for Y. This may result in oscillations. Please ensure\",0,"""ekf_se_map",'',"""none""",,"""Events in window""","""103""","""Events since startup""","""305""","""Duration of window (s)""","""10.309006""","""Actual frequency (Hz)""","""9.991264""","""Minimum acceptable frequency (Hz)""","""7.200000""","""Maximum acceptable frequency (Hz)""","""13.200000"""
1524751731190561770,,32,,1524751731,190477660,'',,1,"""ekf_se_map","""Potentially erroneous data or settings detected for a robot_localization state estimation\","""none""",,"""X_configuration""","""2 absolute pose inputs detected for X. This may result in oscillations. Please ensure\","""Y_configuration""","""2 absolute pose inputs detected for Y. This may result in oscillations. Please ensure\",0,"""ekf_se_map",'',"""none""",,"""Events in window""","""103""","""Events since startup""","""315""","""Duration of window (s)""","""10.311643""","""Actual frequency (Hz)""","""9.988709""","""Minimum acceptable frequency (Hz)""","""7.200000""","""Maximum acceptable frequency (Hz)""","""13.200000"""
1524751732191353655,,33,,1524751732,191262268,'',,1,"""ekf_se_map","""Potentially erroneous data or settings detected for a robot_localization state estimation\","""none""",,"""X_configuration""","""2 absolute pose inputs detected for X. This may result in oscillations. Please ensure\","""Y_configuration""","""2 absolute pose inputs detected for Y. This may result in oscillations. Please ensure\",0,"""ekf_se_map",'',"""none""",,"""Events in window""","""102""","""Events since startup""","""325""","""Duration of window (s)""","""10.209543""","""Actual frequency (Hz)""","""9.990653""","""Minimum acceptable frequency (Hz)""","""7.200000""","""Maximum acceptable frequency (Hz)""","""13.200000"""
1524751733290090947,,34,,1524751733,289998370,'',,1,"""ekf_se_map","""Potentially erroneous data or settings detected for a robot_localization state estimation\","""none""",,"""X_configuration""","""2 absolute pose inputs detected for X. This may result in oscillations. Please ensure\","""Y_configuration""","""2 absolute pose inputs detected for Y. This may result in oscillations. Please ensure\",0,"""ekf_se_map",'',"""none""",,"""Events in window""","""103""","""Events since startup""","""336""","""Duration of window (s)""","""10.306065""","""Actual frequency (Hz)""","""9.994115""","""Minimum acceptable frequency (Hz)""","""7.200000""","""Maximum acceptable frequency (Hz)""","""13.200000"""
1524751734290625300,,35,,1524751734,290503142,'',,1,"""ekf_se_map","""Potentially erroneous data or settings detected for a robot_localization state estimation\","""none""",,"""X_configuration""","""2 absolute pose inputs detected for X. This may result in oscillations. Please ensure\","""Y_configuration""","""2 absolute pose inputs detected for Y. This may result in oscillations. Please ensure\",0,"""ekf_se_map",'',"""none""",,"""Events in window""","""103""","""Events since startup""","""346""","""Duration of window (s)""","""10.306077""","""Actual frequency (Hz)""","""9.994104""","""Minimum acceptable frequency (Hz)""","""7.200000""","""Maximum acceptable frequency (Hz)""","""13.200000"""
1524751735390348649,,36,,1524751735,390248281,'',,1,"""ekf_se_map","""Potentially erroneous data or settings detected for a robot_localization state estimation\","""none""",,"""X_configuration""","""2 absolute pose inputs detected for X. This may result in oscillations. Please ensure\","""Y_configuration""","""2 absolute pose inputs detected for Y. This may result in oscillations. Please ensure\",0,"""ekf_se_map",'',"""none""",,"""Events in window""","""104""","""Events since startup""","""357""","""Duration of window (s)""","""10.407175""","""Actual frequency (Hz)""","""9.993106""","""Minimum acceptable frequency (Hz)""","""7.200000""","""Maximum acceptable frequency (Hz)""","""13.200000"""
1524751736393205185,,37,,1524751736,393066854,'',,1,"""ekf_se_map","""Potentially erroneous data or settings detected for a robot_localization state estimation\","""none""",,"""X_configuration""","""2 absolute pose inputs detected for X. This may result in oscillations. Please ensure\","""Y_configuration""","""2 absolute pose inputs detected for Y. This may result in oscillations. Please ensure\",0,"""ekf_se_map",'',"""none""",,"""Events in window""","""104""","""Events since startup""","""367""","""Duration of window (s)""","""10.408108""","""Actual frequency (Hz)""","""9.992210""","""Minimum acceptable frequency (Hz)""","""7.200000""","""Maximum acceptable frequency (Hz)""","""13.200000"""
1524751737492169239,,38,,1524751737,492082606,'',,1,"""ekf_se_map","""Potentially erroneous data or settings detected for a robot_localization state estimation\","""none""",,"""X_configuration""","""2 absolute pose inputs detected for X. This may result in oscillations. Please ensure\","""Y_configuration""","""2 absolute pose inputs detected for Y. This may result in oscillations. Please ensure\",0,"""ekf_se_map",'',"""none""",,"""Events in window""","""104""","""Events since startup""","""378""","""Duration of window (s)""","""10.407007""","""Actual frequency (Hz)""","""9.993267""","""Minimum acceptable frequency (Hz)""","""7.200000""","""Maximum acceptable frequency (Hz)""","""13.200000"""
1524751738493543275,,39,,1524751738,493428677,'',,1,"""ekf_se_map","""Potentially erroneous data or settings detected for a robot_localization state estimation\","""none""",,"""X_configuration""","""2 absolute pose inputs detected for X. This may result in oscillations. Please ensure\","""Y_configuration""","""2 absolute pose inputs detected for Y. This may result in oscillations. Please ensure\",0,"""ekf_se_map",'',"""none""",,"""Events in window""","""104""","""Events since startup""","""388""","""Duration of window (s)""","""10.407980""","""Actual frequency (Hz)""","""9.992333""","""Minimum acceptable frequency (Hz)""","""7.200000""","""Maximum acceptable frequency (Hz)""","""13.200000"""
1524751739493693371,,40,,1524751739,493577844,'',,1,"""ekf_se_map","""Potentially erroneous data or settings detected for a robot_localization state estimation\","""none""",,"""X_configuration""","""2 absolute pose inputs detected for X. This may result in oscillations. Please ensure\","""Y_configuration""","""2 absolute pose inputs detected for Y. This may result in oscillations. Please ensure\",0,"""ekf_se_map",'',"""none""",,"""Events in window""","""103""","""Events since startup""","""398""","""Duration of window (s)""","""10.307654""","""Actual frequency (Hz)""","""9.992575""","""Minimum acceptable frequency (Hz)""","""7.200000""","""Maximum acceptable frequency (Hz)""","""13.200000"""
1524751740493590922,,41,,1524751740,493483532,'',,1,"""ekf_se_map","""Potentially erroneous data or settings detected for a robot_localization state estimation\","""none""",,"""X_configuration""","""2 absolute pose inputs detected for X. This may result in oscillations. Please ensure\","""Y_configuration""","""2 absolute pose inputs detected for Y. This may result in oscillations. Please ensure\",0,"""ekf_se_map",'',"""none""",,"""Events in window""","""103""","""Events since startup""","""408""","""Duration of window (s)""","""10.305616""","""Actual frequency (Hz)""","""9.994551""","""Minimum acceptable frequency (Hz)""","""7.200000""","""Maximum acceptable frequency (Hz)""","""13.200000"""
1524751741496479236,,42,,1524751741,496358389,'',,1,"""ekf_se_map","""Potentially erroneous data or settings detected for a robot_localization state estimation\","""none""",,"""X_configuration""","""2 absolute pose inputs detected for X. This may result in oscillations. Please ensure\","""Y_configuration""","""2 absolute pose inputs detected for Y. This may result in oscillations. Please ensure\",0,"""ekf_se_map",'',"""none""",,"""Events in window""","""103""","""Events since startup""","""418""","""Duration of window (s)""","""10.305890""","""Actual frequency (Hz)""","""9.994285""","""Minimum acceptable frequency (Hz)""","""7.200000""","""Maximum acceptable frequency (Hz)""","""13.200000"""
1524751742495800071,,43,,1524751742,495704938,'',,1,"""ekf_se_map","""Potentially erroneous data or settings detected for a robot_localization state estimation\","""none""",,"""X_configuration""","""2 absolute pose inputs detected for X. This may result in oscillations. Please ensure\","""Y_configuration""","""2 absolute pose inputs detected for Y. This may result in oscillations. Please ensure\",0,"""ekf_se_map",'',"""none""",,"""Events in window""","""103""","""Events since startup""","""428""","""Duration of window (s)""","""10.304432""","""Actual frequency (Hz)""","""9.995699""","""Minimum acceptable frequency (Hz)""","""7.200000""","""Maximum acceptable frequency (Hz)""","""13.200000"""
1524751743498033128,,44,,1524751743,497934056,'',,1,"""ekf_se_map","""Potentially erroneous data or settings detected for a robot_localization state estimation\","""none""",,"""X_configuration""","""2 absolute pose inputs detected for X. This may result in oscillations. Please ensure\","""Y_configuration""","""2 absolute pose inputs detected for Y. This may result in oscillations. Please ensure\",0,"""ekf_se_map",'',"""none""",,"""Events in window""","""102""","""Events since startup""","""438""","""Duration of window (s)""","""10.207940""","""Actual frequency (Hz)""","""9.992221""","""Minimum acceptable frequency (Hz)""","""7.200000""","""Maximum acceptable frequency (Hz)""","""13.200000"""
1524751744498318067,,45,,1524751744,498229948,'',,1,"""ekf_se_map","""Potentially erroneous data or settings detected for a robot_localization state estimation\","""none""",,"""X_configuration""","""2 absolute pose inputs detected for X. This may result in oscillations. Please ensure\","""Y_configuration""","""2 absolute pose inputs detected for Y. This may result in oscillations. Please ensure\",0,"""ekf_se_map",'',"""none""",,"""Events in window""","""102""","""Events since startup""","""448""","""Duration of window (s)""","""10.207727""","""Actual frequency (Hz)""","""9.992431""","""Minimum acceptable frequency (Hz)""","""7.200000""","""Maximum acceptable frequency (Hz)""","""13.200000"""
1524751745598237548,,46,,1524751745,598118464,'',,1,"""ekf_se_map","""Potentially erroneous data or settings detected for a robot_localization state estimation\","""none""",,"""X_configuration""","""2 absolute pose inputs detected for X. This may result in oscillations. Please ensure\","""Y_configuration""","""2 absolute pose inputs detected for Y. This may result in oscillations. Please ensure\",0,"""ekf_se_map",'',"""none""",,"""Events in window""","""102""","""Events since startup""","""459""","""Duration of window (s)""","""10.207861""","""Actual frequency (Hz)""","""9.992299""","""Minimum acceptable frequency (Hz)""","""7.200000""","""Maximum acceptable frequency (Hz)""","""13.200000"""
1524751746700884885,,47,,1524751746,700784959,'',,1,"""ekf_se_map","""Potentially erroneous data or settings detected for a robot_localization state estimation\","""none""",,"""X_configuration""","""2 absolute pose inputs detected for X. This may result in oscillations. Please ensure\","""Y_configuration""","""2 absolute pose inputs detected for Y. This may result in oscillations. Please ensure\",0,"""ekf_se_map",'',"""none""",,"""Events in window""","""103""","""Events since startup""","""470""","""Duration of window (s)""","""10.307710""","""Actual frequency (Hz)""","""9.992520""","""Minimum acceptable frequency (Hz)""","""7.200000""","""Maximum acceptable frequency (Hz)""","""13.200000"""
1524751747702298939,,48,,1524751747,702225626,'',,1,"""ekf_se_map","""Potentially erroneous data or settings detected for a robot_localization state estimation\","""none""",,"""X_configuration""","""2 absolute pose inputs detected for X. This may result in oscillations. Please ensure\","""Y_configuration""","""2 absolute pose inputs detected for Y. This may result in oscillations. Please ensure\",0,"""ekf_se_map",'',"""none""",,"""Events in window""","""102""","""Events since startup""","""480""","""Duration of window (s)""","""10.210151""","""Actual frequency (Hz)""","""9.990058""","""Minimum acceptable frequency (Hz)""","""7.200000""","""Maximum acceptable frequency (Hz)""","""13.200000"""
1524751748801660195,,49,,1524751748,801565821,'',,1,"""ekf_se_map","""Potentially erroneous data or settings detected for a robot_localization state estimation\","""none""",,"""X_configuration""","""2 absolute pose inputs detected for X. This may result in oscillations. Please ensure\","""Y_configuration""","""2 absolute pose inputs detected for Y. This may result in oscillations. Please ensure\",0,"""ekf_se_map",'',"""none""",,"""Events in window""","""103""","""Events since startup""","""491""","""Duration of window (s)""","""10.308139""","""Actual frequency (Hz)""","""9.992104""","""Minimum acceptable frequency (Hz)""","""7.200000""","""Maximum acceptable frequency (Hz)""","""13.200000"""
1524751749801792201,,50,,1524751749,801689649,'',,1,"""ekf_se_map","""Potentially erroneous data or settings detected for a robot_localization state estimation\","""none""",,"""X_configuration""","""2 absolute pose inputs detected for X. This may result in oscillations. Please ensure\","""Y_configuration""","""2 absolute pose inputs detected for Y. This may result in oscillations. Please ensure\",0,"""ekf_se_map",'',"""none""",,"""Events in window""","""103""","""Events since startup""","""501""","""Duration of window (s)""","""10.308113""","""Actual frequency (Hz)""","""9.992129""","""Minimum acceptable frequency (Hz)""","""7.200000""","""Maximum acceptable frequency (Hz)""","""13.200000"""
1524751750802675001,,51,,1524751750,802601669,'',,1,"""ekf_se_map","""Potentially erroneous data or settings detected for a robot_localization state estimation\","""none""",,"""X_configuration""","""2 absolute pose inputs detected for X. This may result in oscillations. Please ensure\","""Y_configuration""","""2 absolute pose inputs detected for Y. This may result in oscillations. Please ensure\",0,"""ekf_se_map",'',"""none""",,"""Events in window""","""103""","""Events since startup""","""511""","""Duration of window (s)""","""10.309112""","""Actual frequency (Hz)""","""9.991161""","""Minimum acceptable frequency (Hz)""","""7.200000""","""Maximum acceptable frequency (Hz)""","""13.200000"""
1524751751906193037,,52,,1524751751,906091581,'',,1,"""ekf_se_map","""Potentially erroneous data or settings detected for a robot_localization state estimation\","""none""",,"""X_configuration""","""2 absolute pose inputs detected for X. This may result in oscillations. Please ensure\","""Y_configuration""","""2 absolute pose inputs detected for Y. This may result in oscillations. Please ensure\",0,"""ekf_se_map",'',"""none""",,"""Events in window""","""104""","""Events since startup""","""522""","""Duration of window (s)""","""10.409733""","""Actual frequency (Hz)""","""9.990650""","""Minimum acceptable frequency (Hz)""","""7.200000""","""Maximum acceptable frequency (Hz)""","""13.200000"""
1524751752906703250,,53,,1524751752,906595957,'',,1,"""ekf_se_map","""Potentially erroneous data or settings detected for a robot_localization state estimation\","""none""",,"""X_configuration""","""2 absolute pose inputs detected for X. This may result in oscillations. Please ensure\","""Y_configuration""","""2 absolute pose inputs detected for Y. This may result in oscillations. Please ensure\",0,"""ekf_se_map",'',"""none""",,"""Events in window""","""104""","""Events since startup""","""532""","""Duration of window (s)""","""10.410909""","""Actual frequency (Hz)""","""9.989522""","""Minimum acceptable frequency (Hz)""","""7.200000""","""Maximum acceptable frequency (Hz)""","""13.200000"""
1524751754005973448,,54,,1524751754,5883948,'',,1,"""ekf_se_map","""Potentially erroneous data or settings detected for a robot_localization state estimation\","""none""",,"""X_configuration""","""2 absolute pose inputs detected for X. This may result in oscillations. Please ensure\","""Y_configuration""","""2 absolute pose inputs detected for Y. This may result in oscillations. Please ensure\",0,"""ekf_se_map",'',"""none""",,"""Events in window""","""105""","""Events since startup""","""543""","""Duration of window (s)""","""10.507956""","""Actual frequency (Hz)""","""9.992429""","""Minimum acceptable frequency (Hz)""","""7.200000""","""Maximum acceptable frequency (Hz)""","""13.200000"""
1524751755005791388,,55,,1524751755,5719518,'',,1,"""ekf_se_map","""Potentially erroneous data or settings detected for a robot_localization state estimation\","""none""",,"""X_configuration""","""2 absolute pose inputs detected for X. This may result in oscillations. Please ensure\","""Y_configuration""","""2 absolute pose inputs detected for Y. This may result in oscillations. Please ensure\",0,"""ekf_se_map",'',"""none""",,"""Events in window""","""105""","""Events since startup""","""553""","""Duration of window (s)""","""10.507483""","""Actual frequency (Hz)""","""9.992879""","""Minimum acceptable frequency (Hz)""","""7.200000""","""Maximum acceptable frequency (Hz)""","""13.200000"""
1524751756009420220,,56,,1524751756,9328172,'',,1,"""ekf_se_map","""Potentially erroneous data or settings detected for a robot_localization state estimation\","""none""",,"""X_configuration""","""2 absolute pose inputs detected for X. This may result in oscillations. Please ensure\","""Y_configuration""","""2 absolute pose inputs detected for Y. This may result in oscillations. Please ensure\",0,"""ekf_se_map",'',"""none""",,"""Events in window""","""104""","""Events since startup""","""563""","""Duration of window (s)""","""10.411219""","""Actual frequency (Hz)""","""9.989224""","""Minimum acceptable frequency (Hz)""","""7.200000""","""Maximum acceptable frequency (Hz)""","""13.200000"""
1524751757010002311,,57,,1524751757,9910247,'',,1,"""ekf_se_map","""Potentially erroneous data or settings detected for a robot_localization state estimation\","""none""",,"""X_configuration""","""2 absolute pose inputs detected for X. This may result in oscillations. Please ensure\","""Y_configuration""","""2 absolute pose inputs detected for Y. This may result in oscillations. Please ensure\",0,"""ekf_se_map",'',"""none""",,"""Events in window""","""103""","""Events since startup""","""573""","""Duration of window (s)""","""10.309134""","""Actual frequency (Hz)""","""9.991140""","""Minimum acceptable frequency (Hz)""","""7.200000""","""Maximum acceptable frequency (Hz)""","""13.200000"""
1524751758012457489,,58,,1524751758,12386873,'',,1,"""ekf_se_map","""Potentially erroneous data or settings detected for a robot_localization state estimation\","""none""",,"""X_configuration""","""2 absolute pose inputs detected for X. This may result in oscillations. Please ensure\","""Y_configuration""","""2 absolute pose inputs detected for Y. This may result in oscillations. Please ensure\",0,"""ekf_se_map",'',"""none""",,"""Events in window""","""103""","""Events since startup""","""583""","""Duration of window (s)""","""10.310161""","""Actual frequency (Hz)""","""9.990144""","""Minimum acceptable frequency (Hz)""","""7.200000""","""Maximum acceptable frequency (Hz)""","""13.200000"""
1524751759010319373,,59,,1524751759,10234420,'',,1,"""ekf_se_map","""Potentially erroneous data or settings detected for a robot_localization state estimation\","""none""",,"""X_configuration""","""2 absolute pose inputs detected for X. This may result in oscillations. Please ensure\","""Y_configuration""","""2 absolute pose inputs detected for Y. This may result in oscillations. Please ensure\",0,"""ekf_se_map",'',"""none""",,"""Events in window""","""102""","""Events since startup""","""593""","""Duration of window (s)""","""10.208675""","""Actual frequency (Hz)""","""9.991502""","""Minimum acceptable frequency (Hz)""","""7.200000""","""Maximum acceptable frequency (Hz)""","""13.200000"""
1524751760013917926,,60,,1524751760,13832317,'',,1,"""ekf_se_map","""Potentially erroneous data or settings detected for a robot_localization state estimation\","""none""",,"""X_configuration""","""2 absolute pose inputs detected for X. This may result in oscillations. Please ensure\","""Y_configuration""","""2 absolute pose inputs detected for Y. This may result in oscillations. Please ensure\",0,"""ekf_se_map",'',"""none""",,"""Events in window""","""102""","""Events since startup""","""603""","""Duration of window (s)""","""10.212148""","""Actual frequency (Hz)""","""9.988104""","""Minimum acceptable frequency (Hz)""","""7.200000""","""Maximum acceptable frequency (Hz)""","""13.200000"""
1524751761116157536,,61,,1524751761,116070636,'',,1,"""ekf_se_map","""Potentially erroneous data or settings detected for a robot_localization state estimation\","""none""",,"""X_configuration""","""2 absolute pose inputs detected for X. This may result in oscillations. Please ensure\","""Y_configuration""","""2 absolute pose inputs detected for Y. This may result in oscillations. Please ensure\",0,"""ekf_se_map",'',"""none""",,"""Events in window""","""103""","""Events since startup""","""614""","""Duration of window (s)""","""10.313475""","""Actual frequency (Hz)""","""9.986935""","""Minimum acceptable frequency (Hz)""","""7.200000""","""Maximum acceptable frequency (Hz)""","""13.200000"""
1524751762216251908,,62,,1524751762,216173727,'',,1,"""ekf_se_map","""Potentially erroneous data or settings detected for a robot_localization state estimation\","""none""",,"""X_configuration""","""2 absolute pose inputs detected for X. This may result in oscillations. Please ensure\","""Y_configuration""","""2 absolute pose inputs detected for Y. This may result in oscillations. Please ensure\",0,"""ekf_se_map",'',"""none""",,"""Events in window""","""103""","""Events since startup""","""625""","""Duration of window (s)""","""10.310083""","""Actual frequency (Hz)""","""9.990221""","""Minimum acceptable frequency (Hz)""","""7.200000""","""Maximum acceptable frequency (Hz)""","""13.200000"""
1524751763314924415,,63,,1524751763,314851184,'',,1,"""ekf_se_map","""Potentially erroneous data or settings detected for a robot_localization state estimation\","""none""",,"""X_configuration""","""2 absolute pose inputs detected for X. This may result in oscillations. Please ensure\","""Y_configuration""","""2 absolute pose inputs detected for Y. This may result in oscillations. Please ensure\",0,"""ekf_se_map",'',"""none""",,"""Events in window""","""104""","""Events since startup""","""636""","""Duration of window (s)""","""10.408255""","""Actual frequency (Hz)""","""9.992069""","""Minimum acceptable frequency (Hz)""","""7.200000""","""Maximum acceptable frequency (Hz)""","""13.200000"""
1524751764418008329,,64,,1524751764,417916964,'',,1,"""ekf_se_map","""Potentially erroneous data or settings detected for a robot_localization state estimation\","""none""",,"""X_configuration""","""2 absolute pose inputs detected for X. This may result in oscillations. Please ensure\","""Y_configuration""","""2 absolute pose inputs detected for Y. This may result in oscillations. Please ensure\",0,"""ekf_se_map",'',"""none""",,"""Events in window""","""104""","""Events since startup""","""647""","""Duration of window (s)""","""10.412023""","""Actual frequency (Hz)""","""9.988453""","""Minimum acceptable frequency (Hz)""","""7.200000""","""Maximum acceptable frequency (Hz)""","""13.200000"""
1524751765417936018,,65,,1524751765,417839241,'',,1,"""ekf_se_map","""Potentially erroneous data or settings detected for a robot_localization state estimation\","""none""",,"""X_configuration""","""2 absolute pose inputs detected for X. This may result in oscillations. Please ensure\","""Y_configuration""","""2 absolute pose inputs detected for Y. This may result in oscillations. Please ensure\",0,"""ekf_se_map",'',"""none""",,"""Events in window""","""104""","""Events since startup""","""657""","""Duration of window (s)""","""10.412116""","""Actual frequency (Hz)""","""9.988363""","""Minimum acceptable frequency (Hz)""","""7.200000""","""Maximum acceptable frequency (Hz)""","""13.200000"""
1524751766418071208,,66,,1524751766,417966869,'',,1,"""ekf_se_map","""Potentially erroneous data or settings detected for a robot_localization state estimation\","""none""",,"""X_configuration""","""2 absolute pose inputs detected for X. This may result in oscillations. Please ensure\","""Y_configuration""","""2 absolute pose inputs detected for Y. This may result in oscillations. Please ensure\",0,"""ekf_se_map",'',"""none""",,"""Events in window""","""104""","""Events since startup""","""667""","""Duration of window (s)""","""10.408623""","""Actual frequency (Hz)""","""9.991715""","""Minimum acceptable frequency (Hz)""","""7.200000""","""Maximum acceptable frequency (Hz)""","""13.200000"""
1524751767418594435,,67,,1524751767,418497660,'',,1,"""ekf_se_map","""Potentially erroneous data or settings detected for a robot_localization state estimation\","""none""",,"""X_configuration""","""2 absolute pose inputs detected for X. This may result in oscillations. Please ensure\","""Y_configuration""","""2 absolute pose inputs detected for Y. This may result in oscillations. Please ensure\",0,"""ekf_se_map",'',"""none""",,"""Events in window""","""104""","""Events since startup""","""677""","""Duration of window (s)""","""10.408587""","""Actual frequency (Hz)""","""9.991750""","""Minimum acceptable frequency (Hz)""","""7.200000""","""Maximum acceptable frequency (Hz)""","""13.200000"""
1524751768522129357,,68,,1524751768,522041112,'',,1,"""ekf_se_map","""Potentially erroneous data or settings detected for a robot_localization state estimation\","""none""",,"""X_configuration""","""2 absolute pose inputs detected for X. This may result in oscillations. Please ensure\","""Y_configuration""","""2 absolute pose inputs detected for Y. This may result in oscillations. Please ensure\",0,"""ekf_se_map",'',"""none""",,"""Events in window""","""105""","""Events since startup""","""688""","""Duration of window (s)""","""10.509646""","""Actual frequency (Hz)""","""9.990822""","""Minimum acceptable frequency (Hz)""","""7.200000""","""Maximum acceptable frequency (Hz)""","""13.200000"""
1524751769624398677,,69,,1524751769,624309213,'',,1,"""ekf_se_map","""Potentially erroneous data or settings detected for a robot_localization state estimation\","""none""",,"""X_configuration""","""2 absolute pose inputs detected for X. This may result in oscillations. Please ensure\","""Y_configuration""","""2 absolute pose inputs detected for Y. This may result in oscillations. Please ensure\",0,"""ekf_se_map",'',"""none""",,"""Events in window""","""106""","""Events since startup""","""699""","""Duration of window (s)""","""10.614074""","""Actual frequency (Hz)""","""9.986740""","""Minimum acceptable frequency (Hz)""","""7.200000""","""Maximum acceptable frequency (Hz)""","""13.200000"""
1524751770622088194,,70,,1524751770,622003325,'',,1,"""ekf_se_map","""Potentially erroneous data or settings detected for a robot_localization state estimation\","""none""",,"""X_configuration""","""2 absolute pose inputs detected for X. This may result in oscillations. Please ensure\","""Y_configuration""","""2 absolute pose inputs detected for Y. This may result in oscillations. Please ensure\",0,"""ekf_se_map",'',"""none""",,"""Events in window""","""106""","""Events since startup""","""709""","""Duration of window (s)""","""10.608172""","""Actual frequency (Hz)""","""9.992297""","""Minimum acceptable frequency (Hz)""","""7.200000""","""Maximum acceptable frequency (Hz)""","""13.200000"""
1524751771721935100,,71,,1524751771,721810850,'',,1,"""ekf_se_map","""Potentially erroneous data or settings detected for a robot_localization state estimation\","""none""",,"""X_configuration""","""2 absolute pose inputs detected for X. This may result in oscillations. Please ensure\","""Y_configuration""","""2 absolute pose inputs detected for Y. This may result in oscillations. Please ensure\",0,"""ekf_se_map",'',"""none""",,"""Events in window""","""106""","""Events since startup""","""720""","""Duration of window (s)""","""10.605740""","""Actual frequency (Hz)""","""9.994588""","""Minimum acceptable frequency (Hz)""","""7.200000""","""Maximum acceptable frequency (Hz)""","""13.200000"""
1524751772725539211,,72,,1524751772,725378288,'',,1,"""ekf_se_map","""Potentially erroneous data or settings detected for a robot_localization state estimation\","""none""",,"""X_configuration""","""2 absolute pose inputs detected for X. This may result in oscillations. Please ensure\","""Y_configuration""","""2 absolute pose inputs detected for Y. This may result in oscillations. Please ensure\",0,"""ekf_se_map",'',"""none""",,"""Events in window""","""105""","""Events since startup""","""730""","""Duration of window (s)""","""10.509204""","""Actual frequency (Hz)""","""9.991242""","""Minimum acceptable frequency (Hz)""","""7.200000""","""Maximum acceptable frequency (Hz)""","""13.200000"""
1524751773723267776,,73,,1524751773,723156353,'',,1,"""ekf_se_map","""Potentially erroneous data or settings detected for a robot_localization state estimation\","""none""",,"""X_configuration""","""2 absolute pose inputs detected for X. This may result in oscillations. Please ensure\","""Y_configuration""","""2 absolute pose inputs detected for Y. This may result in oscillations. Please ensure\",0,"""ekf_se_map",'',"""none""",,"""Events in window""","""104""","""Events since startup""","""740""","""Duration of window (s)""","""10.408294""","""Actual frequency (Hz)""","""9.992032""","""Minimum acceptable frequency (Hz)""","""7.200000""","""Maximum acceptable frequency (Hz)""","""13.200000"""
1524751774825594372,,74,,1524751774,825485969,'',,1,"""ekf_se_map","""Potentially erroneous data or settings detected for a robot_localization state estimation\","""none""",,"""X_configuration""","""2 absolute pose inputs detected for X. This may result in oscillations. Please ensure\","""Y_configuration""","""2 absolute pose inputs detected for Y. This may result in oscillations. Please ensure\",0,"""ekf_se_map",'',"""none""",,"""Events in window""","""104""","""Events since startup""","""751""","""Duration of window (s)""","""10.407579""","""Actual frequency (Hz)""","""9.992718""","""Minimum acceptable frequency (Hz)""","""7.200000""","""Maximum acceptable frequency (Hz)""","""13.200000"""
1524751775924974906,,75,,1524751775,924868390,'',,1,"""ekf_se_map","""Potentially erroneous data or settings detected for a robot_localization state estimation\","""none""",,"""X_configuration""","""2 absolute pose inputs detected for X. This may result in oscillations. Please ensure\","""Y_configuration""","""2 absolute pose inputs detected for Y. This may result in oscillations. Please ensure\",0,"""ekf_se_map",'',"""none""",,"""Events in window""","""105""","""Events since startup""","""762""","""Duration of window (s)""","""10.507036""","""Actual frequency (Hz)""","""9.993303""","""Minimum acceptable frequency (Hz)""","""7.200000""","""Maximum acceptable frequency (Hz)""","""13.200000"""
1524751777025768080,,76,,1524751777,25678311,'',,1,"""ekf_se_map","""Potentially erroneous data or settings detected for a robot_localization state estimation\","""none""",,"""X_configuration""","""2 absolute pose inputs detected for X. This may result in oscillations. Please ensure\","""Y_configuration""","""2 absolute pose inputs detected for Y. This may result in oscillations. Please ensure\",0,"""ekf_se_map",'',"""none""",,"""Events in window""","""106""","""Events since startup""","""773""","""Duration of window (s)""","""10.607717""","""Actual frequency (Hz)""","""9.992725""","""Minimum acceptable frequency (Hz)""","""7.200000""","""Maximum acceptable frequency (Hz)""","""13.200000"""
1524751778026123271,,77,,1524751778,26007222,'',,1,"""ekf_se_map","""Potentially erroneous data or settings detected for a robot_localization state estimation\","""none""",,"""X_configuration""","""2 absolute pose inputs detected for X. This may result in oscillations. Please ensure\","""Y_configuration""","""2 absolute pose inputs detected for Y. This may result in oscillations. Please ensure\",0,"""ekf_se_map",'',"""none""",,"""Events in window""","""106""","""Events since startup""","""783""","""Duration of window (s)""","""10.607510""","""Actual frequency (Hz)""","""9.992920""","""Minimum acceptable frequency (Hz)""","""7.200000""","""Maximum acceptable frequency (Hz)""","""13.200000"""
1524751779029093209,,78,,1524751779,28984441,'',,1,"""ekf_se_map","""Potentially erroneous data or settings detected for a robot_localization state estimation\","""none""",,"""X_configuration""","""2 absolute pose inputs detected for X. This may result in oscillations. Please ensure\","""Y_configuration""","""2 absolute pose inputs detected for Y. This may result in oscillations. Please ensure\",0,"""ekf_se_map",'',"""none""",,"""Events in window""","""105""","""Events since startup""","""793""","""Duration of window (s)""","""10.506952""","""Actual frequency (Hz)""","""9.993383""","""Minimum acceptable frequency (Hz)""","""7.200000""","""Maximum acceptable frequency (Hz)""","""13.200000"""
1524751780029259842,,79,,1524751780,29174338,'',,1,"""ekf_se_map","""Potentially erroneous data or settings detected for a robot_localization state estimation\","""none""",,"""X_configuration""","""2 absolute pose inputs detected for X. This may result in oscillations. Please ensure\","""Y_configuration""","""2 absolute pose inputs detected for Y. This may result in oscillations. Please ensure\",0,"""ekf_se_map",'',"""none""",,"""Events in window""","""104""","""Events since startup""","""803""","""Duration of window (s)""","""10.404848""","""Actual frequency (Hz)""","""9.995341""","""Minimum acceptable frequency (Hz)""","""7.200000""","""Maximum acceptable frequency (Hz)""","""13.200000"""
1524751781029643312,,80,,1524751781,29556420,'',,1,"""ekf_se_map","""Potentially erroneous data or settings detected for a robot_localization state estimation\","""none""",,"""X_configuration""","""2 absolute pose inputs detected for X. This may result in oscillations. Please ensure\","""Y_configuration""","""2 absolute pose inputs detected for Y. This may result in oscillations. Please ensure\",0,"""ekf_se_map",'',"""none""",,"""Events in window""","""104""","""Events since startup""","""813""","""Duration of window (s)""","""10.407553""","""Actual frequency (Hz)""","""9.992743""","""Minimum acceptable frequency (Hz)""","""7.200000""","""Maximum acceptable frequency (Hz)""","""13.200000"""
1524751782131996459,,81,,1524751782,131911244,'',,1,"""ekf_se_map","""Potentially erroneous data or settings detected for a robot_localization state estimation\","""none""",,"""X_configuration""","""2 absolute pose inputs detected for X. This may result in oscillations. Please ensure\","""Y_configuration""","""2 absolute pose inputs detected for Y. This may result in oscillations. Please ensure\",0,"""ekf_se_map",'',"""none""",,"""Events in window""","""104""","""Events since startup""","""824""","""Duration of window (s)""","""10.410101""","""Actual frequency (Hz)""","""9.990297""","""Minimum acceptable frequency (Hz)""","""7.200000""","""Maximum acceptable frequency (Hz)""","""13.200000"""
1524751783229709987,,82,,1524751783,229514586,'',,1,"""ekf_se_map","""Potentially erroneous data or settings detected for a robot_localization state estimation\","""none""",,"""X_configuration""","""2 absolute pose inputs detected for X. This may result in oscillations. Please ensure\","""Y_configuration""","""2 absolute pose inputs detected for Y. This may result in oscillations. Please ensure\",0,"""ekf_se_map",'',"""none""",,"""Events in window""","""105""","""Events since startup""","""835""","""Duration of window (s)""","""10.504136""","""Actual frequency (Hz)""","""9.996062""","""Minimum acceptable frequency (Hz)""","""7.200000""","""Maximum acceptable frequency (Hz)""","""13.200000"""
1524751784232804815,,83,,1524751784,232708225,'',,1,"""ekf_se_map","""Potentially erroneous data or settings detected for a robot_localization state estimation\","""none""",,"""X_configuration""","""2 absolute pose inputs detected for X. This may result in oscillations. Please ensure\","""Y_configuration""","""2 absolute pose inputs detected for Y. This may result in oscillations. Please ensure\",0,"""ekf_se_map",'',"""none""",,"""Events in window""","""105""","""Events since startup""","""845""","""Duration of window (s)""","""10.509563""","""Actual frequency (Hz)""","""9.990901""","""Minimum acceptable frequency (Hz)""","""7.200000""","""Maximum acceptable frequency (Hz)""","""13.200000"""
1524751785232963196,,84,,1524751785,232868092,'',,1,"""ekf_se_map","""Potentially erroneous data or settings detected for a robot_localization state estimation\","""none""",,"""X_configuration""","""2 absolute pose inputs detected for X. This may result in oscillations. Please ensure\","""Y_configuration""","""2 absolute pose inputs detected for Y. This may result in oscillations. Please ensure\",0,"""ekf_se_map",'',"""none""",,"""Events in window""","""104""","""Events since startup""","""855""","""Duration of window (s)""","""10.407366""","""Actual frequency (Hz)""","""9.992922""","""Minimum acceptable frequency (Hz)""","""7.200000""","""Maximum acceptable frequency (Hz)""","""13.200000"""
1524751786232792628,,85,,1524751786,232698952,'',,1,"""ekf_se_map","""Potentially erroneous data or settings detected for a robot_localization state estimation\","""none""",,"""X_configuration""","""2 absolute pose inputs detected for X. This may result in oscillations. Please ensure\","""Y_configuration""","""2 absolute pose inputs detected for Y. This may result in oscillations. Please ensure\",0,"""ekf_se_map",'',"""none""",,"""Events in window""","""103""","""Events since startup""","""865""","""Duration of window (s)""","""10.307818""","""Actual frequency (Hz)""","""9.992416""","""Minimum acceptable frequency (Hz)""","""7.200000""","""Maximum acceptable frequency (Hz)""","""13.200000"""
1524751787334338569,,86,,1524751787,334263697,'',,1,"""ekf_se_map","""Potentially erroneous data or settings detected for a robot_localization state estimation\","""none""",,"""X_configuration""","""2 absolute pose inputs detected for X. This may result in oscillations. Please ensure\","""Y_configuration""","""2 absolute pose inputs detected for Y. This may result in oscillations. Please ensure\",0,"""ekf_se_map",'',"""none""",,"""Events in window""","""103""","""Events since startup""","""876""","""Duration of window (s)""","""10.308589""","""Actual frequency (Hz)""","""9.991668""","""Minimum acceptable frequency (Hz)""","""7.200000""","""Maximum acceptable frequency (Hz)""","""13.200000"""
1524751788435134449,,87,,1524751788,435022555,'',,1,"""ekf_se_map","""Potentially erroneous data or settings detected for a robot_localization state estimation\","""none""",,"""X_configuration""","""2 absolute pose inputs detected for X. This may result in oscillations. Please ensure\","""Y_configuration""","""2 absolute pose inputs detected for Y. This may result in oscillations. Please ensure\",0,"""ekf_se_map",'',"""none""",,"""Events in window""","""104""","""Events since startup""","""887""","""Duration of window (s)""","""10.409008""","""Actual frequency (Hz)""","""9.991346""","""Minimum acceptable frequency (Hz)""","""7.200000""","""Maximum acceptable frequency (Hz)""","""13.200000"""
1524751789437097345,,88,,1524751789,436975063,'',,1,"""ekf_se_map","""Potentially erroneous data or settings detected for a robot_localization state estimation\","""none""",,"""X_configuration""","""2 absolute pose inputs detected for X. This may result in oscillations. Please ensure\","""Y_configuration""","""2 absolute pose inputs detected for Y. This may result in oscillations. Please ensure\",0,"""ekf_se_map",'',"""none""",,"""Events in window""","""104""","""Events since startup""","""897""","""Duration of window (s)""","""10.407984""","""Actual frequency (Hz)""","""9.992329""","""Minimum acceptable frequency (Hz)""","""7.200000""","""Maximum acceptable frequency (Hz)""","""13.200000"""
1524751790537290877,,89,,1524751790,537208642,'',,1,"""ekf_se_map","""Potentially erroneous data or settings detected for a robot_localization state estimation\","""none""",,"""X_configuration""","""2 absolute pose inputs detected for X. This may result in oscillations. Please ensure\","""Y_configuration""","""2 absolute pose inputs detected for Y. This may result in oscillations. Please ensure\",0,"""ekf_se_map",'',"""none""",,"""Events in window""","""105""","""Events since startup""","""908""","""Duration of window (s)""","""10.508046""","""Actual frequency (Hz)""","""9.992343""","""Minimum acceptable frequency (Hz)""","""7.200000""","""Maximum acceptable frequency (Hz)""","""13.200000"""
1524751791540500467,,90,,1524751791,540410851,'',,1,"""ekf_se_map","""Potentially erroneous data or settings detected for a robot_localization state estimation\","""none""",,"""X_configuration""","""2 absolute pose inputs detected for X. This may result in oscillations. Please ensure\","""Y_configuration""","""2 absolute pose inputs detected for Y. This may result in oscillations. Please ensure\",0,"""ekf_se_map",'',"""none""",,"""Events in window""","""105""","""Events since startup""","""918""","""Duration of window (s)""","""10.510835""","""Actual frequency (Hz)""","""9.989691""","""Minimum acceptable frequency (Hz)""","""7.200000""","""Maximum acceptable frequency (Hz)""","""13.200000"""
1524751792538105994,,91,,1524751792,537987978,'',,1,"""ekf_se_map","""Potentially erroneous data or settings detected for a robot_localization state estimation\","""none""",,"""X_configuration""","""2 absolute pose inputs detected for X. This may result in oscillations. Please ensure\","""Y_configuration""","""2 absolute pose inputs detected for Y. This may result in oscillations. Please ensure\",0,"""ekf_se_map",'',"""none""",,"""Events in window""","""104""","""Events since startup""","""928""","""Duration of window (s)""","""10.406071""","""Actual frequency (Hz)""","""9.994166""","""Minimum acceptable frequency (Hz)""","""7.200000""","""Maximum acceptable frequency (Hz)""","""13.200000"""
1524751793541708766,,92,,1524751793,541576293,'',,1,"""ekf_se_map","""Potentially erroneous data or settings detected for a robot_localization state estimation\","""none""",,"""X_configuration""","""2 absolute pose inputs detected for X. This may result in oscillations. Please ensure\","""Y_configuration""","""2 absolute pose inputs detected for Y. This may result in oscillations. Please ensure\",0,"""ekf_se_map",'',"""none""",,"""Events in window""","""103""","""Events since startup""","""938""","""Duration of window (s)""","""10.312054""","""Actual frequency (Hz)""","""9.988310""","""Minimum acceptable frequency (Hz)""","""7.200000""","""Maximum acceptable frequency (Hz)""","""13.200000"""
1524751794637428794,,93,,1524751794,637284214,'',,1,"""ekf_se_map","""Potentially erroneous data or settings detected for a robot_localization state estimation\","""none""",,"""X_configuration""","""2 absolute pose inputs detected for X. This may result in oscillations. Please ensure\","""Y_configuration""","""2 absolute pose inputs detected for Y. This may result in oscillations. Please ensure\",0,"""ekf_se_map",'',"""none""",,"""Events in window""","""104""","""Events since startup""","""949""","""Duration of window (s)""","""10.404569""","""Actual frequency (Hz)""","""9.995608""","""Minimum acceptable frequency (Hz)""","""7.200000""","""Maximum acceptable frequency (Hz)""","""13.200000"""
1524751795643252090,,94,,1524751795,643149110,'',,1,"""ekf_se_map","""Potentially erroneous data or settings detected for a robot_localization state estimation\","""none""",,"""X_configuration""","""2 absolute pose inputs detected for X. This may result in oscillations. Please ensure\","""Y_configuration""","""2 absolute pose inputs detected for Y. This may result in oscillations. Please ensure\",0,"""ekf_se_map",'',"""none""",,"""Events in window""","""104""","""Events since startup""","""959""","""Duration of window (s)""","""10.410297""","""Actual frequency (Hz)""","""9.990109""","""Minimum acceptable frequency (Hz)""","""7.200000""","""Maximum acceptable frequency (Hz)""","""13.200000"""
1524751796738951311,,95,,1524751796,738848867,'',,1,"""ekf_se_map","""Potentially erroneous data or settings detected for a robot_localization state estimation\","""none""",,"""X_configuration""","""2 absolute pose inputs detected for X. This may result in oscillations. Please ensure\","""Y_configuration""","""2 absolute pose inputs detected for Y. This may result in oscillations. Please ensure\",0,"""ekf_se_map",'',"""none""",,"""Events in window""","""105""","""Events since startup""","""970""","""Duration of window (s)""","""10.506166""","""Actual frequency (Hz)""","""9.994131""","""Minimum acceptable frequency (Hz)""","""7.200000""","""Maximum acceptable frequency (Hz)""","""13.200000"""
1524751797742134982,,96,,1524751797,742005631,'',,1,"""ekf_se_map","""Potentially erroneous data or settings detected for a robot_localization state estimation\","""none""",,"""X_configuration""","""2 absolute pose inputs detected for X. This may result in oscillations. Please ensure\","""Y_configuration""","""2 absolute pose inputs detected for Y. This may result in oscillations. Please ensure\",0,"""ekf_se_map",'',"""none""",,"""Events in window""","""104""","""Events since startup""","""980""","""Duration of window (s)""","""10.407734""","""Actual frequency (Hz)""","""9.992569""","""Minimum acceptable frequency (Hz)""","""7.200000""","""Maximum acceptable frequency (Hz)""","""13.200000"""
1524751798743158610,,97,,1524751798,743030389,'',,1,"""ekf_se_map","""Potentially erroneous data or settings detected for a robot_localization state estimation\","""none""",,"""X_configuration""","""2 absolute pose inputs detected for X. This may result in oscillations. Please ensure\","""Y_configuration""","""2 absolute pose inputs detected for Y. This may result in oscillations. Please ensure\",0,"""ekf_se_map",'',"""none""",,"""Events in window""","""103""","""Events since startup""","""990""","""Duration of window (s)""","""10.308015""","""Actual frequency (Hz)""","""9.992225""","""Minimum acceptable frequency (Hz)""","""7.200000""","""Maximum acceptable frequency (Hz)""","""13.200000"""
1524751799847414524,,98,,1524751799,847273047,'',,1,"""ekf_se_map","""Potentially erroneous data or settings detected for a robot_localization state estimation\","""none""",,"""X_configuration""","""2 absolute pose inputs detected for X. This may result in oscillations. Please ensure\","""Y_configuration""","""2 absolute pose inputs detected for Y. This may result in oscillations. Please ensure\",0,"""ekf_se_map",'',"""none""",,"""Events in window""","""104""","""Events since startup""","""1001""","""Duration of window (s)""","""10.410305""","""Actual frequency (Hz)""","""9.990101""","""Minimum acceptable frequency (Hz)""","""7.200000""","""Maximum acceptable frequency (Hz)""","""13.200000"""
1524751800845687150,,99,,1524751800,845579212,'',,1,"""ekf_se_map","""Potentially erroneous data or settings detected for a robot_localization state estimation\","""none""",,"""X_configuration""","""2 absolute pose inputs detected for X. This may result in oscillations. Please ensure\","""Y_configuration""","""2 absolute pose inputs detected for Y. This may result in oscillations. Please ensure\",0,"""ekf_se_map",'',"""none""",,"""Events in window""","""103""","""Events since startup""","""1011""","""Duration of window (s)""","""10.308367""","""Actual frequency (Hz)""","""9.991884""","""Minimum acceptable frequency (Hz)""","""7.200000""","""Maximum acceptable frequency (Hz)""","""13.200000"""
